id,Name,Surname,Address,PhoneNumber,Email,BonusesID,RideID,ClientRatingID
1,Sunshine,Snalom,413 Garrison Crossing,596-261-1910,ssnalom0@pinterest.com,250,250,1000
2,Sybil,Gallanders,70559 Northfield Circle,984-492-9645,sgallanders1@networkadvertising.org,251,249,999
3,Bethanne,Burborough,1 Paget Crossing,785-997-7750,bburborough2@theglobeandmail.com,252,248,998
4,Raymund,Franken,6089 Thierer Road,328-376-2609,rfranken3@amazon.co.uk,253,247,997
5,Hana,Jent,71 Brown Plaza,479-989-1515,hjent4@xinhuanet.com,254,246,996
6,Skyler,Neads,1867 Buhler Lane,929-321-3628,sneads5@theatlantic.com,255,245,995
7,Gisella,Vesty,6990 Holy Cross Drive,945-193-4074,gvesty6@webnode.com,256,244,994
8,Lissy,McBrady,9266 Brickson Park Place,721-924-4268,lmcbrady7@wix.com,257,243,993
9,Adolphe,Ondrak,0541 Gina Street,621-625-6004,aondrak8@earthlink.net,258,242,992
10,Dael,Paterno,38 Bartillon Court,151-586-2476,dpaterno9@nih.gov,259,241,991
11,Alice,Daly,2930 Heffernan Park,288-373-6156,adalya@bing.com,260,240,990
12,Conan,Fallis,886 Petterle Lane,535-928-2031,cfallisb@sakura.ne.jp,261,239,989
13,Billye,Wild,18816 Buell Parkway,633-878-9106,bwildc@yale.edu,262,238,988
14,Salomon,Aiskovitch,3486 School Court,438-646-7716,saiskovitchd@nps.gov,263,237,987
15,Clementina,Sandys,4524 Bunting Point,536-633-2191,csandyse@google.es,264,236,986
16,Michel,Reffe,0135 Texas Terrace,689-889-9616,mreffef@hud.gov,265,235,985
17,Clare,Attenborough,6100 Golden Leaf Lane,214-183-6510,cattenboroughg@buzzfeed.com,266,234,984
18,Alessandro,Walrond,13913 Rigney Crossing,314-863-9595,awalrondh@nasa.gov,267,233,983
19,Mohammed,Jubb,109 Dovetail Alley,550-106-0031,mjubbi@paypal.com,268,232,982
20,Carlynne,Minihane,821 Spaight Avenue,362-120-7082,cminihanej@jalbum.net,269,231,981
21,Aarika,Mennell,17493 Hansons Pass,848-957-7137,amennellk@squidoo.com,270,230,980
22,Stesha,Allinson,4 Arrowood Pass,263-988-6434,sallinsonl@cdc.gov,271,229,979
23,Derrek,Moncrieffe,3143 Meadow Ridge Parkway,141-393-2904,dmoncrieffem@ask.com,272,228,978
24,Alexia,Bernadon,69 East Crossing,824-939-8281,abernadonn@cam.ac.uk,273,227,977
25,Alexandr,Halworth,072 International Crossing,274-457-3551,ahalwortho@npr.org,274,226,976
26,Burtie,Pidwell,48 Carey Point,670-482-7839,bpidwellp@linkedin.com,275,225,975
27,Marcelle,Seiffert,2 Springs Hill,801-524-8764,mseiffertq@mac.com,276,224,974
28,Raina,Croan,83 Utah Parkway,861-519-6154,rcroanr@php.net,277,223,973
29,Audie,Deakes,25488 Sutherland Terrace,544-345-2964,adeakess@meetup.com,278,222,972
30,Gar,Shearsby,1 Dryden Terrace,587-640-9993,gshearsbyt@weather.com,279,221,971
31,Padriac,Dennington,02297 Scofield Parkway,813-462-0620,pdenningtonu@mac.com,280,220,970
32,Flinn,Beininck,29927 Rutledge Avenue,379-946-0089,fbeininckv@discovery.com,281,219,969
33,Aubert,Steed,330 Maryland Way,107-510-9547,asteedw@printfriendly.com,282,218,968
34,Gordon,Coo,330 Mallory Plaza,446-200-2716,gcoox@sakura.ne.jp,283,217,967
35,Aldrich,Basler,2 Nelson Court,468-145-1693,abaslery@howstuffworks.com,284,216,966
36,Cynthia,Farris,42 Walton Hill,230-939-7701,cfarrisz@ted.com,285,215,965
37,Barbi,Dimmne,29960 Dryden Park,705-559-7819,bdimmne10@wufoo.com,286,214,964
38,Standford,Ahrens,865 Arizona Avenue,555-962-6644,sahrens11@quantcast.com,287,213,963
39,Mychal,Benitti,0 Tennyson Drive,345-223-7958,mbenitti12@buzzfeed.com,288,212,962
40,Cecilius,Kynoch,1744 Service Alley,816-824-5902,ckynoch13@google.co.uk,289,211,961
41,Anastasia,Bellard,31439 Sloan Point,901-326-9792,abellard14@apple.com,290,210,960
42,Prudy,Mayberry,8 Lindbergh Point,205-927-0287,pmayberry15@webmd.com,291,209,959
43,Melony,Castagneri,712 Kedzie Way,817-453-3007,mcastagneri16@bizjournals.com,292,208,958
44,Fawn,Dooman,72017 Acker Crossing,229-243-5688,fdooman17@a8.net,293,207,957
45,Genevieve,Mellem,288 Troy Road,917-876-7334,gmellem18@flavors.me,294,206,956
46,Constantino,Eloy,17607 Twin Pines Plaza,508-101-6370,celoy19@hexun.com,295,205,955
47,Judd,Culleford,9 Harbort Junction,217-159-8752,jculleford1a@statcounter.com,296,204,954
48,Marylou,Matton,07307 Manley Court,231-126-9250,mmatton1b@virginia.edu,297,203,953
49,Georgette,Serjent,59746 Rockefeller Parkway,344-973-5363,gserjent1c@who.int,298,202,952
50,Kitty,Potkins,12013 Fair Oaks Circle,957-257-8096,kpotkins1d@trellian.com,299,201,951
51,Romona,Bruggen,02607 Spohn Park,465-100-6591,rbruggen1e@devhub.com,300,200,950
52,Trisha,Goodhand,353 Fremont Junction,353-748-2704,tgoodhand1f@taobao.com,301,199,949
53,Dare,Ottery,8 Nevada Place,130-364-1743,dottery1g@biglobe.ne.jp,302,198,948
54,Raffarty,Antoniewski,94 Westridge Drive,444-865-4599,rantoniewski1h@tiny.cc,303,197,947
55,Johnna,Plank,63878 Longview Place,408-485-9429,jplank1i@who.int,304,196,946
56,Neille,Rentelll,9 Hansons Alley,392-800-5101,nrentelll1j@surveymonkey.com,305,195,945
57,Dewey,Simmen,84 Sage Terrace,308-521-0583,dsimmen1k@kickstarter.com,306,194,944
58,Ailene,Tonner,47716 Buell Trail,495-344-4444,atonner1l@google.de,307,193,943
59,Jason,Chesterton,8 Ridge Oak Park,265-624-7511,jchesterton1m@nymag.com,308,192,942
60,Alistair,Billsberry,18 Lerdahl Place,945-741-5755,abillsberry1n@nature.com,309,191,941
61,Felita,Collabine,08 Johnson Court,310-323-4947,fcollabine1o@seesaa.net,310,190,940
62,Felizio,Crummy,91208 Oak Parkway,974-300-8198,fcrummy1p@cnet.com,311,189,939
63,Bethina,Dericut,71 Bluejay Park,889-793-3441,bdericut1q@jalbum.net,312,188,938
64,Elsy,Milland,3078 Truax Place,974-824-6178,emilland1r@hexun.com,313,187,937
65,Averil,Crabbe,5182 Waywood Point,916-981-0439,acrabbe1s@posterous.com,314,186,936
66,Kelsey,Kiwitz,7 Golf View Point,110-713-2480,kkiwitz1t@thetimes.co.uk,315,185,935
67,Marina,Vickerstaff,0 Toban Lane,781-574-5908,mvickerstaff1u@diigo.com,316,184,934
68,Farley,Lanchbery,42 Hoffman Junction,127-744-2987,flanchbery1v@intel.com,317,183,933
69,Sibyl,Denman,68 Dayton Avenue,896-840-9429,sdenman1w@microsoft.com,318,182,932
70,Angy,Houselee,89090 Kropf Pass,387-863-0657,ahouselee1x@google.co.jp,319,181,931
71,Anica,Hurle,1 Shopko Terrace,643-686-9140,ahurle1y@ebay.com,320,180,930
72,Timothea,Szymanski,4870 Warbler Circle,504-210-6840,tszymanski1z@unc.edu,321,179,929
73,Chrysa,Abramof,9 Schmedeman Drive,149-954-3644,cabramof20@list-manage.com,322,178,928
74,Rosaleen,Juckes,37 Dorton Lane,339-957-1934,rjuckes21@gmpg.org,323,177,927
75,Rubin,Danit,9634 Charing Cross Point,516-288-1106,rdanit22@deliciousdays.com,324,176,926
76,Neile,Liver,158 Cascade Terrace,969-957-6391,nliver23@aol.com,325,175,925
77,Ulberto,Rhyme,6293 Lerdahl Street,302-533-5249,urhyme24@un.org,326,174,924
78,Derrick,Meriton,2 Stuart Park,126-787-9987,dmeriton25@ifeng.com,327,173,923
79,Alick,MacGrath,84 Northwestern Point,416-931-9274,amacgrath26@360.cn,328,172,922
80,Jennifer,Verlander,889 Ridgeview Circle,677-765-5105,jverlander27@wunderground.com,329,171,921
81,Cassey,Janicki,58963 Glacier Hill Terrace,281-244-1610,cjanicki28@walmart.com,330,170,920
82,Revkah,Mylchreest,009 Sherman Avenue,366-712-4368,rmylchreest29@google.fr,331,169,919
83,Craggie,Summersett,7732 Graceland Pass,714-605-8985,csummersett2a@telegraph.co.uk,332,168,918
84,Allys,McVaugh,43 Namekagon Road,147-413-2409,amcvaugh2b@forbes.com,333,167,917
85,Ferdinanda,Hamm,760 Morningstar Plaza,176-170-1435,fhamm2c@columbia.edu,334,166,916
86,Lilly,Southby,1876 Toban Park,394-258-0819,lsouthby2d@xing.com,335,165,915
87,Sara,Oddy,11 Schmedeman Center,832-959-7306,soddy2e@friendfeed.com,336,164,914
88,Anni,McGrady,71 Florence Avenue,538-420-9905,amcgrady2f@t-online.de,337,163,913
89,Alameda,Apdell,6 Rowland Crossing,724-113-4926,aapdell2g@gnu.org,338,162,912
90,Paige,Ilbert,7 Thompson Road,459-874-6422,pilbert2h@barnesandnoble.com,339,161,911
91,Kasper,Seals,6480 Anthes Circle,576-220-8234,kseals2i@ucla.edu,340,160,910
92,Sinclare,Scully,102 Sachtjen Lane,141-619-0414,sscully2j@shinystat.com,341,159,909
93,Marybeth,Summerson,657 Westerfield Street,696-262-0489,msummerson2k@independent.co.uk,342,158,908
94,Georgia,Chaudrelle,5041 Goodland Way,585-347-3215,gchaudrelle2l@sphinn.com,343,157,907
95,Leisha,Larcombe,03 Straubel Junction,438-608-9624,llarcombe2m@globo.com,344,156,906
96,Greg,Ventom,22508 Carioca Junction,408-136-7945,gventom2n@shareasale.com,345,155,905
97,Mattie,Stowell,34 Westport Trail,468-330-8308,mstowell2o@sciencedirect.com,346,154,904
98,Honoria,Elsbury,2288 Miller Park,825-899-8476,helsbury2p@ning.com,347,153,903
99,Walton,Lipscomb,81303 Oakridge Crossing,288-567-2903,wlipscomb2q@yellowbook.com,348,152,902
100,Josee,Burkhill,3068 2nd Center,169-999-4645,jburkhill2r@ca.gov,349,151,901
101,Opal,Maxsted,51 Butternut Circle,181-657-0103,omaxsted2s@businessweek.com,350,150,900
102,Heidie,Parlott,1 Autumn Leaf Pass,962-761-4750,hparlott2t@mozilla.com,351,149,899
103,Leanna,Berkley,40754 Jana Street,979-110-4539,lberkley2u@oaic.gov.au,352,148,898
104,Denny,McCoy,4 Southridge Plaza,406-203-0790,dmccoy2v@flavors.me,353,147,897
105,Hakeem,Wreath,87018 Cottonwood Junction,732-626-0291,hwreath2w@so-net.ne.jp,354,146,896
106,Maible,Pavlitschek,623 Evergreen Circle,912-200-0870,mpavlitschek2x@usda.gov,355,145,895
107,Forster,O'Siaghail,1508 Haas Parkway,691-771-1662,fosiaghail2y@dot.gov,356,144,894
108,Sibby,Geater,84697 Pennsylvania Road,685-348-5754,sgeater2z@walmart.com,357,143,893
109,Yard,Ratazzi,0833 Mayfield Junction,345-102-5166,yratazzi30@ftc.gov,358,142,892
110,Loralyn,Klaessen,028 Green Pass,459-573-4835,lklaessen31@ifeng.com,359,141,891
111,Warner,Osmar,2513 Little Fleur Way,891-799-0604,wosmar32@nationalgeographic.com,360,140,890
112,Kirstin,Edgett,95973 Marcy Crossing,291-982-5631,kedgett33@hibu.com,361,139,889
113,Rooney,Agiolfinger,7065 Carberry Crossing,352-553-3737,ragiolfinger34@cornell.edu,362,138,888
114,Rad,Hales,74 Brentwood Hill,726-215-7345,rhales35@admin.ch,363,137,887
115,Ali,End,3806 Meadow Ridge Plaza,577-344-6981,aend36@miibeian.gov.cn,364,136,886
116,Alleyn,Backshaw,666 Melvin Circle,520-326-2029,abackshaw37@bbb.org,365,135,885
117,Theodosia,Patey,5 David Circle,691-832-0561,tpatey38@cbslocal.com,366,134,884
118,Kent,Fleischmann,065 Fairfield Hill,838-700-5758,kfleischmann39@youku.com,367,133,883
119,Alistair,Gallahar,4 Forest Run Junction,938-300-2674,agallahar3a@ycombinator.com,368,132,882
120,Gill,Colmore,726 Blackbird Alley,156-627-6332,gcolmore3b@chron.com,369,131,881
121,Evan,Gaffney,61 Linden Hill,476-251-1216,egaffney3c@sciencedaily.com,370,130,880
122,Randell,Regi,27367 Monument Plaza,693-383-4621,rregi3d@wired.com,371,129,879
123,Shandee,Stuther,30352 Kenwood Avenue,800-178-3097,sstuther3e@washington.edu,372,128,878
124,Tadeas,Ovendon,23 Dakota Trail,854-317-7467,tovendon3f@wikispaces.com,373,127,877
125,Lexis,Cuddehy,518 Jackson Drive,304-736-1895,lcuddehy3g@nyu.edu,374,126,876
126,Adair,Mallebone,705 Schlimgen Drive,184-908-8078,amallebone3h@qq.com,375,125,875
127,Dave,Slipper,731 Morningstar Circle,769-941-7392,dslipper3i@sina.com.cn,376,124,874
128,Maryann,Strood,70 Truax Terrace,270-958-3603,mstrood3j@issuu.com,377,123,873
129,Cal,Hoppner,3 Schiller Avenue,218-784-9174,choppner3k@paypal.com,378,122,872
130,Gracia,Immer,666 Menomonie Crossing,225-566-4856,gimmer3l@hatena.ne.jp,379,121,871
131,Elonore,Hasley,1432 Morrow Terrace,286-911-9514,ehasley3m@imgur.com,380,120,870
132,Sly,Dallan,9 Oriole Way,657-606-5735,sdallan3n@buzzfeed.com,381,119,869
133,Sabine,Gildea,9 Mendota Point,613-138-0432,sgildea3o@jalbum.net,382,118,868
134,Serena,Staley,5 Montana Plaza,719-277-0297,sstaley3p@myspace.com,383,117,867
135,Anjanette,Koppeck,343 Roth Drive,522-890-4524,akoppeck3q@xing.com,384,116,866
136,Maurits,Cerith,51 Huxley Road,605-727-3105,mcerith3r@github.io,385,115,865
137,Belvia,Girardey,4 Mayfield Junction,837-316-1563,bgirardey3s@google.com.br,386,114,864
138,Bowie,Thorold,54979 Shopko Pass,886-435-2968,bthorold3t@techcrunch.com,387,113,863
139,Heindrick,Du Fray,5 Anthes Plaza,415-652-5911,hdufray3u@bizjournals.com,388,112,862
140,Aaron,Cowap,5 Dawn Place,437-482-4092,acowap3v@utexas.edu,389,111,861
141,Robbie,Janacek,8 Ruskin Lane,946-239-2234,rjanacek3w@artisteer.com,390,110,860
142,Tom,Pitrasso,830 Ramsey Circle,960-485-6850,tpitrasso3x@symantec.com,391,109,859
143,Shirl,Giraudat,16 Pepper Wood Lane,959-887-3155,sgiraudat3y@ning.com,392,108,858
144,Crysta,Sivills,911 La Follette Place,347-766-9103,csivills3z@ow.ly,393,107,857
145,Elliott,Witcomb,711 Gerald Drive,179-523-1161,ewitcomb40@europa.eu,394,106,856
146,Freedman,Warry,30631 Barby Park,615-718-6224,fwarry41@miitbeian.gov.cn,395,105,855
147,Mack,Noad,505 Delaware Crossing,608-378-2099,mnoad42@slashdot.org,396,104,854
148,Genny,Sieur,219 Oakridge Plaza,590-342-2203,gsieur43@nytimes.com,397,103,853
149,Norma,Sibylla,8348 Basil Place,958-552-0298,nsibylla44@cloudflare.com,398,102,852
150,Deidre,McTurley,43 Orin Avenue,714-511-1152,dmcturley45@sciencedaily.com,399,101,851
151,Brewster,Glaze,32838 Bonner Way,412-133-0269,bglaze46@blogspot.com,400,100,850
152,Herby,Ancliffe,1924 Talisman Junction,226-132-5112,hancliffe47@alibaba.com,401,99,849
153,Manon,Gallafant,7 Chinook Pass,789-971-5674,mgallafant48@unesco.org,402,98,848
154,Jaclin,Smeed,58 Welch Avenue,603-283-7362,jsmeed49@who.int,403,97,847
155,Paulina,Sears,63162 Thackeray Place,540-671-6392,psears4a@cocolog-nifty.com,404,96,846
156,Korey,Bakey,8 Welch Road,762-526-8696,kbakey4b@foxnews.com,405,95,845
157,Jackson,Fasey,2389 Hoepker Alley,873-204-6845,jfasey4c@google.fr,406,94,844
158,Xavier,Cameli,29 Redwing Hill,737-253-6392,xcameli4d@studiopress.com,407,93,843
159,Caril,Gynne,9 Upham Park,751-586-0068,cgynne4e@stumbleupon.com,408,92,842
160,Win,Dicker,8576 Brentwood Park,589-352-9071,wdicker4f@soup.io,409,91,841
161,Fanny,Jacobsohn,45932 Eagan Center,202-324-4138,fjacobsohn4g@chron.com,410,90,840
162,Nelia,Ware,97614 Merry Point,430-113-1844,nware4h@goo.ne.jp,411,89,839
163,Bryan,Machin,46 Crownhardt Alley,803-366-5730,bmachin4i@irs.gov,412,88,838
164,Freddie,Lewsy,0081 Oak Valley Crossing,599-783-9558,flewsy4j@goo.ne.jp,413,87,837
165,Ailsun,Manes,635 Hintze Trail,314-156-7908,amanes4k@jugem.jp,414,86,836
166,Lindsay,Bowle,3034 Fallview Alley,389-281-7580,lbowle4l@gov.uk,415,85,835
167,Jemmy,Whorton,5343 Delaware Court,350-463-3669,jwhorton4m@nifty.com,416,84,834
168,Faye,McIlreavy,674 Sheridan Circle,891-620-0296,fmcilreavy4n@arizona.edu,417,83,833
169,Mendy,Renzo,1 Nobel Drive,739-610-8884,mrenzo4o@prnewswire.com,418,82,832
170,Myrwyn,Andrioni,01 Paget Plaza,270-967-8252,mandrioni4p@nhs.uk,419,81,831
171,Aldous,Donan,5824 Calypso Drive,886-518-3295,adonan4q@salon.com,420,80,830
172,Elaine,Roswarn,66849 Sundown Way,396-388-7760,eroswarn4r@dmoz.org,421,79,829
173,Devin,Keenan,1 Little Fleur Trail,431-375-8701,dkeenan4s@engadget.com,422,78,828
174,Bret,Winsom,639 Blackbird Park,695-453-2846,bwinsom4t@kickstarter.com,423,77,827
175,Dorothea,Moryson,9706 Annamark Plaza,467-652-8290,dmoryson4u@studiopress.com,424,76,826
176,Josi,Edgson,74 Westport Road,619-269-7963,jedgson4v@chron.com,425,75,825
177,Perice,Thompstone,5413 Grasskamp Place,489-253-0986,pthompstone4w@comcast.net,426,74,824
178,Les,Skehens,601 Dorton Place,894-165-7710,lskehens4x@bing.com,427,73,823
179,Humfrey,Drissell,115 Grim Plaza,868-765-9555,hdrissell4y@flickr.com,428,72,822
180,Cristina,Patriche,39500 Prairieview Road,821-274-0626,cpatriche4z@acquirethisname.com,429,71,821
181,Ramsey,Scotchbrook,72 Farragut Center,890-381-7993,rscotchbrook50@stanford.edu,430,70,820
182,Jarrod,Tootal,622 Del Mar Street,457-440-4918,jtootal51@csmonitor.com,431,69,819
183,Shep,Lissimore,7957 Harbort Plaza,626-273-4133,slissimore52@amazonaws.com,432,68,818
184,Ricca,Tash,58 Redwing Circle,306-768-7364,rtash53@webeden.co.uk,433,67,817
185,Scotti,Meryett,7912 Larry Plaza,665-341-9435,smeryett54@psu.edu,434,66,816
186,Maye,Gracewood,7 Meadow Valley Court,666-427-6366,mgracewood55@blogtalkradio.com,435,65,815
187,Stormie,Gillott,7519 Melrose Plaza,970-420-7974,sgillott56@amazon.com,436,64,814
188,Halie,Pooly,1 Moland Crossing,972-279-5717,hpooly57@ycombinator.com,437,63,813
189,Iosep,Laetham,683 Eastlawn Circle,829-632-7711,ilaetham58@arizona.edu,438,62,812
190,Elyssa,Gormley,506 Mcbride Court,970-319-2219,egormley59@about.me,439,61,811
191,Diandra,Pykett,662 Basil Parkway,946-485-2896,dpykett5a@dailymotion.com,440,60,810
192,Adina,Jahnel,2 School Way,903-317-8469,ajahnel5b@ehow.com,441,59,809
193,Lynne,Howship,2 Meadow Vale Court,782-263-9163,lhowship5c@wiley.com,442,58,808
194,Nathalia,McGuigan,9 Westend Park,771-745-4487,nmcguigan5d@nbcnews.com,443,57,807
195,Lainey,Norsworthy,95 Fuller Court,567-525-5083,lnorsworthy5e@chronoengine.com,444,56,806
196,Gustavo,Apfelmann,646 Maryland Alley,113-271-1837,gapfelmann5f@opera.com,445,55,805
197,Gabriel,Skea,25 Graceland Plaza,914-115-8178,gskea5g@arstechnica.com,446,54,804
198,Rene,Holdworth,9 Lunder Circle,109-880-9205,rholdworth5h@tripod.com,447,53,803
199,Erasmus,Dabnot,06330 Sheridan Alley,562-228-9594,edabnot5i@icio.us,448,52,802
200,Hieronymus,Preddy,6 Basil Point,573-683-0623,hpreddy5j@walmart.com,449,51,801
201,Reed,Shergold,1 Hermina Terrace,121-371-8564,rshergold5k@miibeian.gov.cn,450,50,800
202,Hermione,Dencs,29 Harbort Avenue,650-453-3793,hdencs5l@ask.com,451,49,799
203,Trudie,Romaine,289 Brown Alley,413-402-3995,tromaine5m@marketwatch.com,452,48,798
204,Eduard,Lappin,1 Warner Point,165-333-9307,elappin5n@tumblr.com,453,47,797
205,Winnie,Tice,66827 Blue Bill Park Center,992-237-7148,wtice5o@jigsy.com,454,46,796
206,Abran,Comello,27569 Fulton Pass,649-589-0962,acomello5p@forbes.com,455,45,795
207,Marshal,Lacknor,4998 New Castle Hill,804-259-6764,mlacknor5q@php.net,456,44,794
208,Sven,Hargerie,5995 Bunting Avenue,610-911-5955,shargerie5r@flavors.me,457,43,793
209,Aymer,Van Castele,76023 Lillian Way,801-642-4313,avancastele5s@buzzfeed.com,458,42,792
210,Mattie,Forrester,60726 Kenwood Junction,559-868-2008,mforrester5t@wisc.edu,459,41,791
211,Nikolai,Peckham,7870 Dovetail Terrace,984-649-1459,npeckham5u@wikispaces.com,460,40,790
212,Timmy,Innman,8373 High Crossing Point,725-627-8911,tinnman5v@si.edu,461,39,789
213,Leonanie,Bashford,54010 Becker Avenue,591-787-3123,lbashford5w@unesco.org,462,38,788
214,Arleen,Magner,8 Delaware Street,397-308-4006,amagner5x@archive.org,463,37,787
215,Nichole,Elsmore,46523 Linden Avenue,298-222-4863,nelsmore5y@vk.com,464,36,786
216,Sid,Arden,873 Marquette Lane,285-125-9902,sarden5z@aboutads.info,465,35,785
217,Terrel,Wheowall,946 Blue Bill Park Court,555-384-4093,twheowall60@live.com,466,34,784
218,Josephina,Pailin,08964 Menomonie Court,781-780-1277,jpailin61@army.mil,467,33,783
219,Rip,Castaner,228 Fairfield Junction,623-822-9775,rcastaner62@weebly.com,468,32,782
220,Gerard,Thurbon,13213 Glacier Hill Crossing,623-202-4043,gthurbon63@howstuffworks.com,469,31,781
221,Heloise,Mableson,9949 Goodland Avenue,890-995-4960,hmableson64@g.co,470,30,780
222,Kial,Brittoner,408 Scoville Hill,720-127-7290,kbrittoner65@theatlantic.com,471,29,779
223,Elianora,Bantham,56 School Center,391-732-8592,ebantham66@eepurl.com,472,28,778
224,Evvy,Leggett,7250 Debs Road,391-998-1490,eleggett67@kickstarter.com,473,27,777
225,Mollie,Burgett,6 Quincy Drive,128-656-7589,mburgett68@goo.gl,474,26,776
226,Martelle,Grinnell,08 Gale Alley,978-940-0422,mgrinnell69@discovery.com,475,25,775
227,Lewie,McVity,57 Hudson Place,639-382-4592,lmcvity6a@github.io,476,24,774
228,Millie,Blunden,5 Valley Edge Center,481-262-4219,mblunden6b@moonfruit.com,477,23,773
229,Iolanthe,Baalham,1 Moose Center,831-844-6970,ibaalham6c@geocities.jp,478,22,772
230,Freddie,Slater,0353 Jay Center,989-576-8915,fslater6d@wordpress.com,479,21,771
231,Magda,Louw,42 Shoshone Crossing,653-750-3734,mlouw6e@alexa.com,480,20,770
232,Isabel,Harman,40135 Grayhawk Terrace,724-646-8789,iharman6f@soundcloud.com,481,19,769
233,Sisile,Kirton,08370 Sunbrook Court,345-221-6270,skirton6g@wired.com,482,18,768
234,Myranda,Snaddon,17029 Ohio Center,442-477-0115,msnaddon6h@statcounter.com,483,17,767
235,Homer,Dullard,4927 Sachs Place,712-170-7867,hdullard6i@noaa.gov,484,16,766
236,Janean,Verissimo,033 Declaration Alley,766-422-5079,jverissimo6j@seesaa.net,485,15,765
237,Nobe,Rowston,26 Cardinal Point,124-720-6048,nrowston6k@blogtalkradio.com,486,14,764
238,Elena,Goley,04171 Marquette Parkway,854-341-2953,egoley6l@dot.gov,487,13,763
239,Dollie,Ondricek,9370 Golf Way,956-681-4913,dondricek6m@ask.com,488,12,762
240,Urbain,Royle,855 Crescent Oaks Alley,454-863-1687,uroyle6n@webmd.com,489,11,761
241,Constancy,McGill,95821 Lyons Drive,804-543-4898,cmcgill6o@biglobe.ne.jp,490,10,760
242,Hilario,Risso,97 Saint Paul Junction,446-360-7503,hrisso6p@cdbaby.com,491,9,759
243,Judas,Skarr,1 Scoville Trail,410-419-7479,jskarr6q@adobe.com,492,8,758
244,Ardelia,Butteris,32 Fair Oaks Circle,235-641-4945,abutteris6r@deliciousdays.com,493,7,757
245,Shanta,Londesborough,84 Meadow Valley Terrace,641-627-3187,slondesborough6s@yale.edu,494,6,756
246,Kass,Frediani,2 Pond Terrace,575-350-7745,kfrediani6t@ft.com,495,5,755
247,Hector,Fittall,94549 Village Green Park,165-283-5139,hfittall6u@drupal.org,496,4,754
248,Cy,Denys,32 Cottonwood Street,299-425-8450,cdenys6v@cnbc.com,497,3,753
249,Elizabeth,Sealand,20451 Banding Terrace,400-549-2662,esealand6w@slashdot.org,498,2,752
250,Lorianne,Monnery,818 Twin Pines Trail,734-790-7362,lmonnery6x@paypal.com,499,1,751
251,Emalia,Jozaitis,37239 Blackbird Junction,490-800-8425,ejozaitis6y@walmart.com,500,0,750
252,Irv,Yarnley,55 Pennsylvania Crossing,614-291-9514,iyarnley6z@mac.com,2,499,749
253,Quincy,Wardlow,019 3rd Point,234-994-4929,qwardlow70@netscape.com,3,498,748
254,Delia,Ivakin,551 Anthes Place,703-892-8992,divakin71@multiply.com,4,497,747
255,Madlin,Joost,6589 Eggendart Hill,322-672-9866,mjoost72@youtube.com,5,496,746
256,Mollie,Gathercoal,52301 Oakridge Pass,447-237-2527,mgathercoal73@comsenz.com,6,495,745
257,Lona,Cromarty,07 Swallow Drive,649-791-6785,lcromarty74@xing.com,7,494,744
258,Jules,Frears,61 Meadow Ridge Trail,547-645-3043,jfrears75@issuu.com,8,493,743
259,Gleda,Millam,35879 Walton Court,256-623-7833,gmillam76@abc.net.au,9,492,742
260,Marc,Hardwicke,91 Maywood Pass,894-507-1993,mhardwicke77@aboutads.info,10,491,741
261,Cary,Dicte,824 Sullivan Lane,365-396-9882,cdicte78@opensource.org,11,490,740
262,Sonnie,Hargreaves,4 Independence Road,452-472-0451,shargreaves79@tumblr.com,12,489,739
263,Erl,Kinleyside,722 Sunbrook Road,380-400-4322,ekinleyside7a@networksolutions.com,13,488,738
264,Pieter,Lynam,86283 Nova Court,117-952-8842,plynam7b@nba.com,14,487,737
265,Sayers,Poulgreen,78289 Heath Parkway,383-825-2402,spoulgreen7c@webnode.com,15,486,736
266,Emmott,Ciani,1 Corben Terrace,334-320-5364,eciani7d@hp.com,16,485,735
267,Carita,Chaperlin,58478 Onsgard Crossing,197-542-9984,cchaperlin7e@etsy.com,17,484,734
268,Melba,Moryson,1323 Loomis Place,676-106-3291,mmoryson7f@joomla.org,18,483,733
269,Rene,Cunah,40 Hoepker Terrace,377-940-2906,rcunah7g@bbc.co.uk,19,482,732
270,Isaiah,Romaine,34 Lotheville Place,518-514-7324,iromaine7h@mozilla.org,20,481,731
271,Lisetta,Pimblett,27 Fairfield Lane,350-672-4290,lpimblett7i@nih.gov,21,480,730
272,Konstance,Lowrance,72 Algoma Parkway,541-605-7164,klowrance7j@theatlantic.com,22,479,729
273,Alta,Swetman,82813 Northwestern Hill,919-360-5914,aswetman7k@yellowpages.com,23,478,728
274,Koenraad,Cosser,4828 Sunfield Alley,721-203-3264,kcosser7l@aol.com,24,477,727
275,Tresa,Cockshut,4 Petterle Junction,947-845-8202,tcockshut7m@nationalgeographic.com,25,476,726
276,Essa,Sprasen,57 Reinke Park,194-939-5616,esprasen7n@smh.com.au,26,475,725
277,Coriss,Iiannoni,12801 Center Crossing,791-653-9938,ciiannoni7o@washington.edu,27,474,724
278,Shellysheldon,Endricci,08179 Surrey Point,143-960-7113,sendricci7p@mac.com,28,473,723
279,Merrick,Hadkins,40218 Donald Trail,314-600-9053,mhadkins7q@loc.gov,29,472,722
280,Waneta,Sheivels,96700 Lerdahl Circle,509-607-6357,wsheivels7r@wisc.edu,30,471,721
281,Delmer,Lorraine,2 East Junction,586-938-6403,dlorraine7s@boston.com,31,470,720
282,Isidore,Bellie,203 Surrey Point,690-263-7027,ibellie7t@desdev.cn,32,469,719
283,Hedvige,Hardway,2826 Trailsway Place,714-550-4426,hhardway7u@issuu.com,33,468,718
284,Charmaine,Fibbens,878 David Alley,202-916-1758,cfibbens7v@cmu.edu,34,467,717
285,Hewet,Balma,5939 Northland Center,381-294-7290,hbalma7w@theguardian.com,35,466,716
286,Monte,Dossit,0680 Goodland Lane,653-903-8515,mdossit7x@list-manage.com,36,465,715
287,Jed,Roberts,1 Stephen Junction,763-488-5288,jroberts7y@reuters.com,37,464,714
288,Donall,Owain,3 Macpherson Road,747-100-2649,dowain7z@oaic.gov.au,38,463,713
289,Barty,Pike,76 Cambridge Lane,634-998-0985,bpike80@smugmug.com,39,462,712
290,Kathlin,Jackman,44450 Artisan Court,972-924-3230,kjackman81@tripod.com,40,461,711
291,Zorine,Klimas,7 Kensington Road,621-342-1319,zklimas82@nytimes.com,41,460,710
292,Caria,Gatling,73 Ridge Oak Crossing,605-135-5005,cgatling83@accuweather.com,42,459,709
293,Nerita,Gainsburgh,86 Milwaukee Crossing,949-534-7402,ngainsburgh84@angelfire.com,43,458,708
294,Tomasine,Yelyashev,25 Meadow Valley Court,800-653-4474,tyelyashev85@cnn.com,44,457,707
295,Felisha,McIver,820 Colorado Hill,827-370-6074,fmciver86@java.com,45,456,706
296,Mahmud,MacGoun,82304 John Wall Junction,747-343-0664,mmacgoun87@ehow.com,46,455,705
297,Kaia,Wickins,2197 Debs Circle,226-930-4763,kwickins88@indiegogo.com,47,454,704
298,Kingsly,Dominico,70825 Hermina Drive,396-781-4306,kdominico89@jalbum.net,48,453,703
299,Morie,Kilborn,0096 Buhler Trail,385-137-4317,mkilborn8a@nymag.com,49,452,702
300,Onfre,Mussen,4377 Golf View Road,840-956-5867,omussen8b@networksolutions.com,50,451,701
301,Carmine,Viveash,29 Hoffman Trail,541-252-6562,cviveash8c@freewebs.com,51,450,700
302,Nick,Taunton.,0 Kings Lane,426-721-4338,ntaunton8d@slashdot.org,52,449,699
303,Loraine,Corneck,4244 Barby Terrace,598-376-0291,lcorneck8e@ocn.ne.jp,53,448,698
304,Marcille,Crean,2417 Loftsgordon Terrace,736-530-9113,mcrean8f@networksolutions.com,54,447,697
305,Shepard,Arthars,966 Ruskin Parkway,810-497-3220,sarthars8g@umn.edu,55,446,696
306,Chris,McTurk,49661 Mayfield Pass,414-134-9165,cmcturk8h@google.es,56,445,695
307,Truman,Jarvie,74263 Charing Cross Center,673-965-9494,tjarvie8i@amazonaws.com,57,444,694
308,Angelico,O'Heneghan,45045 Eagle Crest Avenue,571-910-8537,aoheneghan8j@blog.com,58,443,693
309,Correy,Lewsey,077 Farmco Plaza,823-151-8639,clewsey8k@trellian.com,59,442,692
310,Herculie,Parrington,32 Loftsgordon Parkway,571-213-6689,hparrington8l@ow.ly,60,441,691
311,Hendrik,Baldinotti,781 Darwin Terrace,860-868-6058,hbaldinotti8m@live.com,61,440,690
312,Karole,Fountian,844 Wayridge Plaza,954-245-4870,kfountian8n@vkontakte.ru,62,439,689
313,Christiane,Missen,003 Judy Road,303-491-8295,cmissen8o@icio.us,63,438,688
314,Gerik,Grinishin,18501 Arapahoe Alley,849-963-8147,ggrinishin8p@tinyurl.com,64,437,687
315,Victor,Crusham,9158 Basil Way,407-550-6513,vcrusham8q@biglobe.ne.jp,65,436,686
316,Sue,Klausen,83463 Elgar Way,429-528-5585,sklausen8r@slashdot.org,66,435,685
317,Khalil,Woodall,01 Katie Lane,473-850-7131,kwoodall8s@linkedin.com,67,434,684
318,Mordecai,D'eath,131 Myrtle Circle,614-147-1389,mdeath8t@paypal.com,68,433,683
319,Cindee,Aleksich,26212 Prairie Rose Crossing,558-919-8520,caleksich8u@blog.com,69,432,682
320,Orion,Goundsy,5438 American Drive,531-154-0560,ogoundsy8v@admin.ch,70,431,681
321,Kaitlyn,Page,79 Elka Terrace,858-814-5391,kpage8w@mediafire.com,71,430,680
322,Iorgo,Keetley,0080 Goodland Avenue,462-846-2325,ikeetley8x@umn.edu,72,429,679
323,Toni,Giabucci,4 Lakeland Lane,213-843-7514,tgiabucci8y@addtoany.com,73,428,678
324,Lynelle,Paradine,8 Victoria Hill,742-987-0476,lparadine8z@state.gov,74,427,677
325,Reginauld,Sussams,71569 Briar Crest Terrace,763-955-8327,rsussams90@ask.com,75,426,676
326,Franklyn,Ballaam,89 Forest Dale Street,726-560-9502,fballaam91@cdc.gov,76,425,675
327,Kaine,Bahia,5 Springview Parkway,941-768-6958,kbahia92@webnode.com,77,424,674
328,Willie,Christofe,255 Thackeray Circle,919-305-8031,wchristofe93@rambler.ru,78,423,673
329,Clo,BoHlingolsen,614 Thompson Park,762-582-2306,cbohlingolsen94@phpbb.com,79,422,672
330,Gayelord,Filewood,2 American Ash Park,268-221-6913,gfilewood95@nsw.gov.au,80,421,671
331,Mackenzie,Ivanov,33 Ryan Circle,159-634-1670,mivanov96@indiatimes.com,81,420,670
332,Boone,Leeson,0796 Sycamore Road,528-657-6592,bleeson97@domainmarket.com,82,419,669
333,Patricio,Foster-Smith,21 Rigney Street,829-203-7623,pfostersmith98@indiatimes.com,83,418,668
334,Guglielma,Spear,8 Holmberg Circle,858-300-0050,gspear99@discuz.net,84,417,667
335,Aubrey,Albers,2950 Cardinal Parkway,535-978-4597,aalbers9a@wiley.com,85,416,666
336,Ali,Lichfield,00512 Florence Crossing,187-540-9208,alichfield9b@ameblo.jp,86,415,665
337,Newton,Polino,183 Crest Line Center,590-168-3652,npolino9c@auda.org.au,87,414,664
338,Debi,Whettleton,99758 Brentwood Center,542-222-7169,dwhettleton9d@omniture.com,88,413,663
339,Deane,Collicott,325 Farmco Point,409-216-5856,dcollicott9e@spotify.com,89,412,662
340,Moritz,Salling,94816 Fallview Way,961-934-1975,msalling9f@google.com.br,90,411,661
341,Jason,Malek,96 Trailsway Hill,797-100-6344,jmalek9g@myspace.com,91,410,660
342,Ollie,Millward,0 Green Avenue,812-285-5513,omillward9h@archive.org,92,409,659
343,Venus,Harvey,76619 Utah Junction,333-296-7018,vharvey9i@google.it,93,408,658
344,Sydel,Jelly,9 Fulton Park,809-156-7713,sjelly9j@digg.com,94,407,657
345,Pia,McClaren,45 Anhalt Junction,798-443-5291,pmcclaren9k@boston.com,95,406,656
346,Vita,Kippins,7 Raven Street,409-990-1476,vkippins9l@yolasite.com,96,405,655
347,Maxwell,Somerbell,135 Waxwing Crossing,994-489-0568,msomerbell9m@opensource.org,97,404,654
348,Osgood,Burland,8 Center Alley,836-152-4709,oburland9n@dailymotion.com,98,403,653
349,Maressa,Ivanaev,03 Twin Pines Junction,811-623-9892,mivanaev9o@kickstarter.com,99,402,652
350,Berkley,Casel,734 South Plaza,505-187-2860,bcasel9p@netscape.com,100,401,651
351,Odell,Beastall,3880 Reindahl Hill,272-141-3859,obeastall9q@chron.com,101,400,650
352,Artair,Skill,27 Glacier Hill Avenue,755-432-8502,askill9r@goo.gl,102,399,649
353,Parnell,Jent,1399 Little Fleur Terrace,633-555-4637,pjent9s@newyorker.com,103,398,648
354,Rodney,Wycliffe,5554 Acker Alley,791-479-3194,rwycliffe9t@netlog.com,104,397,647
355,Marguerite,Corby,60 Hudson Street,155-829-2516,mcorby9u@163.com,105,396,646
356,Alyosha,Handrahan,7 Golf Course Hill,703-129-3771,ahandrahan9v@yahoo.com,106,395,645
357,Geneva,Winspare,24113 Gateway Parkway,322-646-8774,gwinspare9w@sciencedirect.com,107,394,644
358,Burr,Diggar,9 Karstens Parkway,308-410-8063,bdiggar9x@storify.com,108,393,643
359,Teresita,La Torre,4382 Hovde Street,719-801-4145,tlatorre9y@bandcamp.com,109,392,642
360,Rosamond,Bockin,004 Merry Trail,298-433-9089,rbockin9z@booking.com,110,391,641
361,Pearla,Adrien,423 Cardinal Avenue,434-477-2661,padriena0@friendfeed.com,111,390,640
362,Reuben,Verecker,021 Annamark Court,466-321-1161,rvereckera1@youku.com,112,389,639
363,Igor,Fitzmaurice,1 Lakeland Crossing,853-572-1320,ifitzmauricea2@pagesperso-orange.fr,113,388,638
364,Leontyne,McGuirk,3 Dixon Avenue,756-442-0455,lmcguirka3@multiply.com,114,387,637
365,Torie,Pugh,9699 John Wall Junction,538-330-8807,tpugha4@paypal.com,115,386,636
366,Adele,Mullin,76984 Linden Alley,932-727-4515,amullina5@samsung.com,116,385,635
367,Eydie,Kimbley,76 Sunbrook Terrace,152-799-9936,ekimbleya6@seesaa.net,117,384,634
368,Desdemona,Baise,488 Arapahoe Alley,428-870-1198,dbaisea7@weibo.com,118,383,633
369,Florina,McGilleghole,424 Corry Park,660-801-7974,fmcgillegholea8@ameblo.jp,119,382,632
370,Maire,Neath,8 Kennedy Point,663-277-6230,mneatha9@walmart.com,120,381,631
371,Jamima,Staniland,0140 Glacier Hill Place,937-435-6953,jstanilandaa@foxnews.com,121,380,630
372,Emalee,Kellitt,1 2nd Hill,470-447-5079,ekellittab@artisteer.com,122,379,629
373,Aubine,Vanyatin,8470 Kinsman Alley,600-436-3952,avanyatinac@yolasite.com,123,378,628
374,Avigdor,Balassa,5 Prairie Rose Parkway,508-754-3975,abalassaad@skyrock.com,124,377,627
375,Ardis,Street,4 Shopko Lane,578-709-0569,astreetae@adobe.com,125,376,626
376,Philip,Brookwell,5512 Red Cloud Alley,913-787-2863,pbrookwellaf@seattletimes.com,126,375,625
377,Heida,Comar,3 5th Hill,954-746-1352,hcomarag@wiley.com,127,374,624
378,Vaughan,Cunnell,5 Summerview Road,905-824-8517,vcunnellah@aol.com,128,373,623
379,Torr,Cubuzzi,7015 Loomis Street,873-996-4739,tcubuzziai@qq.com,129,372,622
380,Timmi,Bagger,50936 Londonderry Alley,716-163-6667,tbaggeraj@seattletimes.com,130,371,621
381,Jeanette,Kenwrick,24 Fairview Drive,732-957-3803,jkenwrickak@yahoo.co.jp,131,370,620
382,Leanna,Bourchier,405 Tony Drive,450-266-3289,lbourchieral@si.edu,132,369,619
383,Phylys,Patters,4132 Eggendart Place,318-941-4526,ppattersam@wp.com,133,368,618
384,Cad,Glanfield,551 Roth Lane,776-180-3353,cglanfieldan@sciencedaily.com,134,367,617
385,Arleen,Martusewicz,560 Caliangt Road,893-451-0902,amartusewiczao@deliciousdays.com,135,366,616
386,Lisha,Niess,6 Prairieview Crossing,548-933-4561,lniessap@jimdo.com,136,365,615
387,Ilka,Birtonshaw,8 Hollow Ridge Drive,630-154-4299,ibirtonshawaq@illinois.edu,137,364,614
388,Kellyann,Stonary,7 Ruskin Circle,815-848-3040,kstonaryar@fotki.com,138,363,613
389,Raymund,MacGregor,49467 Elka Circle,594-389-3012,rmacgregoras@bandcamp.com,139,362,612
390,Clint,Ary,32 Surrey Way,437-810-1178,caryat@google.co.uk,140,361,611
391,Yvor,Symcock,199 Warner Lane,578-806-7788,ysymcockau@weebly.com,141,360,610
392,Malinda,Govern,9503 Sheridan Parkway,351-536-5060,mgovernav@ustream.tv,142,359,609
393,Annalise,MacKinnon,41328 Petterle Center,170-431-7189,amackinnonaw@netvibes.com,143,358,608
394,Guglielmo,Kornyakov,13343 Vahlen Pass,766-633-7376,gkornyakovax@google.it,144,357,607
395,Lisha,Shadbolt,87244 Twin Pines Street,300-212-0097,lshadboltay@w3.org,145,356,606
396,Purcell,MacPaike,6 Dexter Circle,637-368-8026,pmacpaikeaz@amazon.co.uk,146,355,605
397,Eugenius,Fake,76833 Huxley Park,505-478-5646,efakeb0@ebay.co.uk,147,354,604
398,Eugenius,Lomis,0 Cody Junction,803-167-1629,elomisb1@umn.edu,148,353,603
399,Nanci,Salvage,85 Mayfield Crossing,798-199-2425,nsalvageb2@xinhuanet.com,149,352,602
400,Annaliese,Delgua,142 Loftsgordon Way,768-181-8153,adelguab3@scribd.com,150,351,601
401,Toby,Hulke,0001 Lighthouse Bay Trail,592-440-1119,thulkeb4@sciencedaily.com,151,350,600
402,Mureil,Portinari,79989 Tennyson Point,922-199-2618,mportinarib5@furl.net,152,349,599
403,Orbadiah,Dahlman,89 Banding Parkway,509-507-8145,odahlmanb6@opensource.org,153,348,598
404,Alene,Richardsson,567 Sunbrook Junction,102-406-7868,arichardssonb7@seattletimes.com,154,347,597
405,Boothe,Milbank,58817 Cambridge Way,116-710-8412,bmilbankb8@mail.ru,155,346,596
406,Karlyn,Edmeades,92 Dovetail Street,624-533-3253,kedmeadesb9@cbslocal.com,156,345,595
407,Kirsten,Elgey,166 Jana Court,114-474-9349,kelgeyba@nba.com,157,344,594
408,Hazlett,Donnell,3952 Merry Point,464-529-3313,hdonnellbb@google.co.jp,158,343,593
409,Timmi,Dancy,6773 Di Loreto Drive,585-647-6992,tdancybc@sitemeter.com,159,342,592
410,Coop,Maccrea,86 Monterey Hill,795-608-6941,cmaccreabd@flickr.com,160,341,591
411,Mile,Nind,1410 Arrowood Trail,447-202-8288,mnindbe@topsy.com,161,340,590
412,Ricca,Sands,115 East Junction,815-917-7749,rsandsbf@typepad.com,162,339,589
413,Audre,Whellans,9010 Steensland Center,881-995-5312,awhellansbg@time.com,163,338,588
414,See,Leddie,44 Ryan Pass,665-929-9186,sleddiebh@desdev.cn,164,337,587
415,Steve,Veart,0615 Maple Place,318-788-2407,sveartbi@sfgate.com,165,336,586
416,Pierson,Neesham,892 Ohio Alley,949-252-1434,pneeshambj@zdnet.com,166,335,585
417,Nap,Wildor,23 Elgar Center,407-394-0272,nwildorbk@xinhuanet.com,167,334,584
418,Hildegaard,Burburough,3 Bunker Hill Pass,184-638-9017,hburburoughbl@tmall.com,168,333,583
419,Ricardo,Hegden,372 Rutledge Road,655-676-1390,rhegdenbm@digg.com,169,332,582
420,Alyosha,Bosche,8 Mallory Pass,915-720-4726,aboschebn@dedecms.com,170,331,581
421,Nikoletta,Garmon,05 Towne Circle,411-656-1467,ngarmonbo@blinklist.com,171,330,580
422,Bette,Catcherside,6777 Shelley Road,737-617-2405,bcatchersidebp@ameblo.jp,172,329,579
423,Onfre,Rainsden,7718 Blaine Place,150-463-0596,orainsdenbq@telegraph.co.uk,173,328,578
424,Brooke,Shimuk,003 Arapahoe Circle,509-884-0841,bshimukbr@cbslocal.com,174,327,577
425,Kennan,Millis,00 Johnson Road,828-140-3986,kmillisbs@i2i.jp,175,326,576
426,Anne-marie,Maffucci,5 Prairie Rose Pass,209-291-0860,amaffuccibt@google.com.au,176,325,575
427,Stavros,Ketchen,07 Prairie Rose Point,658-672-3664,sketchenbu@vkontakte.ru,177,324,574
428,Mikael,Critcher,9 Upham Street,962-605-6395,mcritcherbv@unc.edu,178,323,573
429,Kati,Catlin,0 Glendale Pass,636-123-9080,kcatlinbw@dot.gov,179,322,572
430,Itch,Deniskevich,318 Gerald Drive,692-796-5705,ideniskevichbx@livejournal.com,180,321,571
431,Cybil,Fairbeard,869 Sage Drive,607-362-9476,cfairbeardby@boston.com,181,320,570
432,Wilhelmine,Flag,453 Tomscot Place,162-134-4135,wflagbz@gov.uk,182,319,569
433,Amy,Gaffey,75530 Westend Court,159-117-8547,agaffeyc0@tinyurl.com,183,318,568
434,Gearard,McQuillen,066 North Alley,681-119-3742,gmcquillenc1@google.ca,184,317,567
435,Ginni,Kinnon,25 Sunbrook Pass,107-831-3895,gkinnonc2@wikipedia.org,185,316,566
436,Dov,Coppo,549 Lighthouse Bay Alley,756-868-1448,dcoppoc3@123-reg.co.uk,186,315,565
437,Keen,Roden,702 Summer Ridge Hill,146-396-2009,krodenc4@redcross.org,187,314,564
438,Hadrian,Sandey,0 Bayside Crossing,794-583-2153,hsandeyc5@geocities.jp,188,313,563
439,Julianna,Eick,4820 Old Gate Road,577-600-3868,jeickc6@printfriendly.com,189,312,562
440,Lennie,Grigorushkin,27 Cardinal Hill,936-387-6240,lgrigorushkinc7@ocn.ne.jp,190,311,561
441,Elmo,Giraudel,5388 Briar Crest Crossing,794-156-2267,egiraudelc8@phoca.cz,191,310,560
442,Olva,Wadhams,5468 Hanson Court,108-674-3835,owadhamsc9@facebook.com,192,309,559
443,Brendin,Goulder,2 2nd Terrace,665-934-8515,bgoulderca@networkadvertising.org,193,308,558
444,Bartie,Andover,2108 Buell Lane,227-721-0277,bandovercb@prnewswire.com,194,307,557
445,Danya,Vaszoly,74 Starling Plaza,586-671-7838,dvaszolycc@nydailynews.com,195,306,556
446,Lilyan,Johansson,532 Fulton Street,228-627-9102,ljohanssoncd@desdev.cn,196,305,555
447,Dave,Greves,99341 Northland Center,119-286-5012,dgrevesce@utexas.edu,197,304,554
448,Willyt,Bickerstasse,83 Farwell Park,933-679-6327,wbickerstassecf@unicef.org,198,303,553
449,Giffy,Bramley,62 Arkansas Terrace,413-827-8932,gbramleycg@elpais.com,199,302,552
450,Rudie,Behnecken,241 Clove Lane,796-292-7420,rbehneckench@patch.com,200,301,551
451,Mariya,Grandin,55 Basil Crossing,644-454-2990,mgrandinci@theglobeandmail.com,201,300,550
452,Gardy,Websdale,0 Brown Parkway,698-735-3090,gwebsdalecj@indiegogo.com,202,299,549
453,Mildrid,Arpino,75 Mcbride Drive,265-476-5632,marpinock@ebay.com,203,298,548
454,Tallie,Fancy,28 Huxley Place,571-605-5240,tfancycl@facebook.com,204,297,547
455,Amitie,Benkhe,364 Gateway Junction,955-773-6130,abenkhecm@livejournal.com,205,296,546
456,Koressa,Gloves,9998 American Ash Circle,544-866-8717,kglovescn@gnu.org,206,295,545
457,Cesaro,Chittey,08871 Sutteridge Road,105-541-8229,cchitteyco@netlog.com,207,294,544
458,Brenden,Crossfeld,9 Shelley Trail,442-894-1504,bcrossfeldcp@wikimedia.org,208,293,543
459,Davina,Smeath,767 Swallow Junction,177-351-8585,dsmeathcq@bing.com,209,292,542
460,Alyse,Terran,3444 Granby Point,654-506-5370,aterrancr@amazon.com,210,291,541
461,Una,Cameli,2766 Scoville Plaza,986-109-8560,ucamelics@hatena.ne.jp,211,290,540
462,Hamish,Henworth,9352 Grim Point,108-378-8292,hhenworthct@nih.gov,212,289,539
463,Thalia,Jaffray,5 Mccormick Court,845-920-4888,tjaffraycu@nifty.com,213,288,538
464,Thomasa,Extence,6 Rieder Hill,744-690-6901,textencecv@weather.com,214,287,537
465,Weylin,Chrisp,487 Delladonna Point,553-833-7110,wchrispcw@theatlantic.com,215,286,536
466,Petunia,Gallemore,54383 Old Shore Plaza,868-261-7597,pgallemorecx@fema.gov,216,285,535
467,Berta,Rodda,5 Hermina Terrace,897-401-2519,broddacy@de.vu,217,284,534
468,Aurelie,Stannering,280 Emmet Drive,360-515-8899,astanneringcz@google.fr,218,283,533
469,Matt,Simnor,5533 Lotheville Plaza,875-580-5225,msimnord0@pen.io,219,282,532
470,Giordano,Proughten,918 Prairieview Plaza,711-676-7146,gproughtend1@un.org,220,281,531
471,Chery,Stowers,206 West Pass,386-784-6398,cstowersd2@google.fr,221,280,530
472,Lira,Corneille,24 Northwestern Center,303-894-8284,lcorneilled3@g.co,222,279,529
473,Collete,Stickney,999 Northridge Street,739-679-1773,cstickneyd4@gizmodo.com,223,278,528
474,Lane,Snoddin,9 Sheridan Street,214-654-0927,lsnoddind5@google.nl,224,277,527
475,Leopold,Pinkett,90 Scofield Plaza,163-930-1235,lpinkettd6@etsy.com,225,276,526
476,Yasmeen,Bengall,128 Lukken Avenue,320-136-1244,ybengalld7@goo.ne.jp,226,275,525
477,Crista,Ropars,92689 Boyd Court,528-885-5297,croparsd8@tripod.com,227,274,524
478,Chloette,Reggio,065 Fuller Plaza,501-773-2740,creggiod9@wordpress.com,228,273,523
479,Augusta,Kilpin,89 Lakewood Gardens Center,207-856-4928,akilpinda@cdbaby.com,229,272,522
480,Kaiser,Soane,8 Kings Crossing,647-670-6990,ksoanedb@redcross.org,230,271,521
481,Malory,Penhearow,5 Glendale Parkway,202-616-4246,mpenhearowdc@nbcnews.com,231,270,520
482,Mauricio,Bromley,5 Heffernan Road,814-625-2909,mbromleydd@economist.com,232,269,519
483,Giorgio,Karle,3462 Westend Terrace,238-535-4587,gkarlede@wufoo.com,233,268,518
484,Angus,De Freyne,1 Butternut Park,250-269-9063,adefreynedf@123-reg.co.uk,234,267,517
485,Sara,Swindall,7212 Shasta Center,490-444-3895,sswindalldg@earthlink.net,235,266,516
486,Lilian,Ruppel,766 Fuller Plaza,263-357-1029,lruppeldh@bluehost.com,236,265,515
487,Jewell,Chrichton,007 North Street,321-541-9417,jchrichtondi@youku.com,237,264,514
488,Krissy,De Moreno,86605 Almo Alley,402-464-5703,kdemorenodj@sun.com,238,263,513
489,Ethelyn,Ethelston,59458 Arrowood Avenue,887-819-4985,eethelstondk@google.ru,239,262,512
490,Lorrayne,De la Eglise,55 Coleman Hill,226-375-2946,ldelaeglisedl@barnesandnoble.com,240,261,511
491,Theo,Lowe,05302 Karstens Drive,724-530-7420,tlowedm@jugem.jp,241,260,510
492,Stephana,Lensch,3 Clove Plaza,853-201-6005,slenschdn@tripod.com,242,259,509
493,Eryn,Fone,19461 Anzinger Place,396-584-6339,efonedo@etsy.com,243,258,508
494,Cammie,Jozsa,2 Corry Place,305-576-4651,cjozsadp@fema.gov,244,257,507
495,Arlen,Copelli,5 Hooker Way,435-908-6548,acopellidq@spotify.com,245,256,506
496,Corene,Avramow,39 Loeprich Road,165-976-1367,cavramowdr@apple.com,246,255,505
497,Casandra,Pendleberry,9996 Randy Plaza,913-771-9762,cpendleberryds@msn.com,247,254,504
498,Betsy,Szimon,84 Waywood Lane,816-486-1106,bszimondt@google.it,248,253,503
499,Kim,Knevett,05907 Anthes Way,233-766-7262,kknevettdu@blinklist.com,249,252,502
500,Kimberly,Hugill,59 Lukken Point,655-747-3777,khugilldv@pcworld.com,250,251,501
501,Rorke,Bridie,912 Quincy Park,898-852-2613,rbridiedw@parallels.com,251,250,500
502,Leonie,Hanwright,87052 Cardinal Parkway,680-899-6402,lhanwrightdx@tiny.cc,2,999,499
503,Max,Verchambre,50090 Kings Place,333-772-4989,mverchambredy@about.me,3,998,498
504,Kissee,Camoletto,1 Dovetail Trail,320-971-4864,kcamolettodz@freewebs.com,4,997,497
505,Constancy,Basham,8 Bluejay Road,892-439-6990,cbashame0@wsj.com,5,996,496
506,Johnnie,Johl,54 Walton Lane,127-414-7753,jjohle1@imageshack.us,6,995,495
507,Coletta,Buscombe,20 Ludington Plaza,876-335-9545,cbuscombee2@goo.gl,7,994,494
508,Indira,Texton,764 Surrey Crossing,206-906-5185,itextone3@ebay.co.uk,8,993,493
509,Stormie,Hrus,81141 Dunning Place,528-766-1324,shruse4@usgs.gov,9,992,492
510,Andreas,Dell 'Orto,912 East Street,517-638-6731,adellortoe5@jimdo.com,10,991,491
511,Carline,Beake,70233 Logan Parkway,328-769-8553,cbeakee6@cornell.edu,11,990,490
512,Giovanna,Romanet,4 Pine View Way,269-459-5705,gromanete7@intel.com,12,989,489
513,Gwynne,Knightsbridge,0838 Manitowish Hill,230-649-8052,gknightsbridgee8@addthis.com,13,988,488
514,Fernandina,Hurl,45734 Continental Junction,285-752-5002,fhurle9@opera.com,14,987,487
515,Derril,Whistlecraft,15 Cordelia Alley,675-841-0642,dwhistlecraftea@independent.co.uk,15,986,486
516,Avigdor,Muttitt,7229 Mifflin Way,206-961-0295,amuttitteb@walmart.com,16,985,485
517,Ty,Sapp,46 Hagan Point,607-952-0276,tsappec@columbia.edu,17,984,484
518,Bail,Cammoile,360 Ronald Regan Lane,772-774-1535,bcammoileed@adobe.com,18,983,483
519,Ingmar,Sprowle,6 Sachs Place,983-689-5332,isprowleee@ustream.tv,19,982,482
520,Maurise,Coatts,15 Stoughton Trail,966-183-1855,mcoattsef@zdnet.com,20,981,481
521,Morry,Damant,87051 Sugar Point,645-596-6839,mdamanteg@google.com.au,21,980,480
522,Jorge,Michin,9 Carioca Center,769-601-7697,jmichineh@dot.gov,22,979,479
523,Levin,Oatley,6088 Declaration Place,613-401-5485,loatleyei@newsvine.com,23,978,478
524,Kaleena,Tsarovic,8152 Canary Hill,347-959-8670,ktsarovicej@pbs.org,24,977,477
525,Christina,Balding,8 Crescent Oaks Way,875-557-3334,cbaldingek@uol.com.br,25,976,476
526,Quintin,Kilday,967 Westport Plaza,413-756-8051,qkildayel@omniture.com,26,975,475
527,Cole,Banat,91760 Dennis Street,839-574-7039,cbanatem@alexa.com,27,974,474
528,Kellby,Hince,991 Mosinee Road,895-178-2054,khinceen@vk.com,28,973,473
529,Bill,Chilton,0344 Boyd Crossing,418-340-6849,bchiltoneo@icq.com,29,972,472
530,Karlene,Watting,53 Hudson Parkway,796-634-0460,kwattingep@topsy.com,30,971,471
531,Mike,Fortesquieu,67246 Oak Valley Park,547-681-3511,mfortesquieueq@joomla.org,31,970,470
532,Agustin,Nizard,86275 Maywood Pass,600-497-3509,anizarder@arizona.edu,32,969,469
533,Leonore,Plinck,8398 Johnson Parkway,217-376-0651,lplinckes@edublogs.org,33,968,468
534,Curry,Hailwood,0 School Lane,939-281-8414,chailwoodet@census.gov,34,967,467
535,Lorraine,Van Zon,3900 5th Junction,423-653-9237,lvanzoneu@bizjournals.com,35,966,466
536,Justus,Povele,03400 Golden Leaf Alley,145-355-9153,jpoveleev@cnet.com,36,965,465
537,Almeria,Sims,69067 Erie Plaza,930-409-6538,asimsew@networkadvertising.org,37,964,464
538,Tiebold,Tock,59 Hoard Junction,661-594-5109,ttockex@lulu.com,38,963,463
539,Averyl,Ausiello,0 Myrtle Center,239-320-6340,aausielloey@europa.eu,39,962,462
540,Lulita,Anglim,51 Straubel Center,956-167-1636,langlimez@behance.net,40,961,461
541,Clarita,Pescott,1136 Glendale Junction,778-797-5736,cpescottf0@redcross.org,41,960,460
542,Keir,Haworth,3 Becker Trail,660-664-6440,khaworthf1@cbslocal.com,42,959,459
543,Shawn,McCollum,1832 Mallory Parkway,471-149-4758,smccollumf2@bbc.co.uk,43,958,458
544,Weidar,Ibell,1 Ryan Center,514-163-8893,wibellf3@biblegateway.com,44,957,457
545,Vina,Roofe,6018 Bobwhite Way,824-848-5121,vroofef4@fc2.com,45,956,456
546,Alexia,Pinke,48 Rockefeller Alley,578-974-3766,apinkef5@example.com,46,955,455
547,Claudia,Goodswen,68550 Shelley Drive,395-489-4033,cgoodswenf6@cam.ac.uk,47,954,454
548,Joanna,Mac Geaney,18844 Atwood Circle,597-264-1044,jmacgeaneyf7@yale.edu,48,953,453
549,Carlye,Ion,2 Dawn Crossing,627-262-8949,cionf8@sakura.ne.jp,49,952,452
550,Ansley,Onthank,8052 Blackbird Place,757-212-4445,aonthankf9@studiopress.com,50,951,451
551,Lexie,Mulrooney,76787 Independence Plaza,369-239-2438,lmulrooneyfa@indiegogo.com,51,950,450
552,Carrol,Dumbellow,77 Hovde Pass,391-377-8974,cdumbellowfb@blogger.com,52,949,449
553,Ody,Sanham,53077 Bultman Place,817-908-3791,osanhamfc@dmoz.org,53,948,448
554,Joyous,Hebron,69 Johnson Point,529-562-8432,jhebronfd@angelfire.com,54,947,447
555,Davie,Boater,7 Manitowish Hill,437-687-1662,dboaterfe@samsung.com,55,946,446
556,Leonelle,Nornasell,8 Ilene Terrace,193-482-2867,lnornasellff@latimes.com,56,945,445
557,Kimberlyn,Brogini,14 Westerfield Trail,914-144-3775,kbroginifg@psu.edu,57,944,444
558,Selma,Mager,818 West Terrace,114-679-5402,smagerfh@phpbb.com,58,943,443
559,Crawford,Perrie,910 Havey Terrace,709-959-6420,cperriefi@goo.ne.jp,59,942,442
560,Mina,Theuss,4 Grim Street,809-514-2745,mtheussfj@g.co,60,941,441
561,Abby,Colleymore,9351 Loftsgordon Point,915-950-3044,acolleymorefk@usnews.com,61,940,440
562,Leyla,Creggan,121 Sauthoff Hill,879-134-9263,lcregganfl@sphinn.com,62,939,439
563,Frants,Bessell,793 Toban Court,117-423-8965,fbessellfm@homestead.com,63,938,438
564,Leilah,Kirsopp,79 Sugar Parkway,871-136-0467,lkirsoppfn@adobe.com,64,937,437
565,Raimund,Paradyce,7 Shopko Road,756-156-6174,rparadycefo@soup.io,65,936,436
566,Humfrey,Baudone,0227 Spohn Terrace,356-381-3348,hbaudonefp@linkedin.com,66,935,435
567,Ianthe,Hebbron,51844 Bultman Way,382-878-2761,ihebbronfq@yahoo.co.jp,67,934,434
568,Janette,Tolcharde,4574 Blaine Alley,725-164-9741,jtolchardefr@hc360.com,68,933,433
569,Mora,Gateley,87 4th Lane,573-423-7458,mgateleyfs@fema.gov,69,932,432
570,Ainslee,Lanfear,431 Farwell Trail,595-400-1088,alanfearft@huffingtonpost.com,70,931,431
571,Tiebout,Farthing,6 Dawn Center,325-614-9758,tfarthingfu@theglobeandmail.com,71,930,430
572,Iggie,Dulwich,4 Evergreen Avenue,245-523-5537,idulwichfv@hhs.gov,72,929,429
573,Eva,Hitscher,19 Fieldstone Way,307-316-4992,ehitscherfw@shinystat.com,73,928,428
574,Emmalyn,Humber,9748 Artisan Street,203-124-6954,ehumberfx@examiner.com,74,927,427
575,Lanny,End,94786 Bartillon Alley,160-343-1019,lendfy@joomla.org,75,926,426
576,Randall,MacKaig,00 Manufacturers Parkway,322-209-6065,rmackaigfz@usatoday.com,76,925,425
577,Renie,Fiddian,64819 Lillian Place,512-374-0336,rfiddiang0@booking.com,77,924,424
578,Jada,Streight,1755 Lillian Drive,966-631-5003,jstreightg1@comcast.net,78,923,423
579,Eadmund,Mewitt,75202 Debs Avenue,538-738-6411,emewittg2@cdc.gov,79,922,422
580,Otto,Theobalds,06214 Hollow Ridge Way,352-159-5985,otheobaldsg3@alexa.com,80,921,421
581,Antonino,Edgerly,37453 Vahlen Circle,938-503-2691,aedgerlyg4@amazonaws.com,81,920,420
582,Addie,Gunningham,8 Gale Road,254-151-9188,agunninghamg5@yellowbook.com,82,919,419
583,Kale,Dupree,339 Schurz Pass,977-752-3723,kdupreeg6@photobucket.com,83,918,418
584,Phillida,Bedells,94146 Scofield Hill,475-800-0648,pbedellsg7@bing.com,84,917,417
585,Dix,Fuzzard,20903 Caliangt Circle,985-158-1257,dfuzzardg8@purevolume.com,85,916,416
586,Patrick,Grichukhanov,6 Rigney Road,655-516-6421,pgrichukhanovg9@1und1.de,86,915,415
587,Svend,Dalziel,54765 Bashford Terrace,958-402-0355,sdalzielga@spotify.com,87,914,414
588,Dorey,Woollhead,6793 Buhler Alley,625-439-0035,dwoollheadgb@huffingtonpost.com,88,913,413
589,Moses,Folds,59924 Red Cloud Pass,107-130-9706,mfoldsgc@engadget.com,89,912,412
590,Felix,Bustard,4 Cottonwood Park,205-627-9702,fbustardgd@prlog.org,90,911,411
591,Olivie,Azema,20 Vidon Circle,695-587-2140,oazemage@shareasale.com,91,910,410
592,Horton,Corstan,07 Park Meadow Hill,544-330-3519,hcorstangf@amazon.co.uk,92,909,409
593,Sasha,Primmer,8017 Center Crossing,631-215-4061,sprimmergg@weather.com,93,908,408
594,Innis,Macguire,44644 Bunker Hill Junction,580-533-6461,imacguiregh@domainmarket.com,94,907,407
595,Lindsay,Lotherington,3 8th Terrace,177-615-2809,llotheringtongi@theglobeandmail.com,95,906,406
596,Esteban,Klimecki,8 Lakewood Alley,817-878-3758,eklimeckigj@hibu.com,96,905,405
597,Illa,Fass,8 Jackson Drive,994-410-4961,ifassgk@pcworld.com,97,904,404
598,Bernadette,Claybourn,64 Tony Park,183-576-9143,bclaybourngl@comsenz.com,98,903,403
599,Matthus,Ponnsett,1283 Anzinger Way,868-189-9169,mponnsettgm@patch.com,99,902,402
600,Eolande,Mitkov,03032 Morning Street,364-744-5988,emitkovgn@posterous.com,100,901,401
601,Xaviera,Merrigans,827 Victoria Lane,863-164-5779,xmerrigansgo@goodreads.com,101,900,400
602,Desmond,Garnham,7443 Kipling Parkway,213-226-2635,dgarnhamgp@bbb.org,102,899,399
603,Kile,Bauldry,9962 Sauthoff Drive,603-792-8358,kbauldrygq@amazonaws.com,103,898,398
604,Camile,Grossman,4213 Declaration Parkway,412-293-8367,cgrossmangr@who.int,104,897,397
605,Ursulina,Bladder,54 Vera Pass,488-175-3258,ubladdergs@delicious.com,105,896,396
606,Sophi,Lidstone,59 Oxford Place,587-840-8338,slidstonegt@yahoo.com,106,895,395
607,Joelly,Heyns,155 Farmco Alley,927-607-6303,jheynsgu@ucoz.com,107,894,394
608,Adora,Marval,6 Eagle Crest Avenue,941-566-3570,amarvalgv@bloomberg.com,108,893,393
609,Elvin,Tamsett,1 Dixon Hill,509-576-3031,etamsettgw@opera.com,109,892,392
610,Lefty,Vaudrey,079 South Way,636-434-2016,lvaudreygx@chron.com,110,891,391
611,Aloise,Bunton,20089 Golden Leaf Pass,605-292-3527,abuntongy@lulu.com,111,890,390
612,Olag,Hambric,64 Melvin Trail,100-298-8404,ohambricgz@behance.net,112,889,389
613,Gabi,Burns,106 Anderson Way,878-256-7946,gburnsh0@com.com,113,888,388
614,Corny,Wiffill,21286 Rieder Pass,355-335-8259,cwiffillh1@slashdot.org,114,887,387
615,Sibyl,Stimson,87376 Elgar Court,270-985-5388,sstimsonh2@dmoz.org,115,886,386
616,Car,Seckington,96735 Ridge Oak Lane,649-513-2544,cseckingtonh3@state.tx.us,116,885,385
617,Vonnie,Sandbach,2422 Westend Street,388-335-2588,vsandbachh4@techcrunch.com,117,884,384
618,Edita,Tomes,32 Doe Crossing Lane,589-341-0262,etomesh5@nih.gov,118,883,383
619,Dari,Royce,53192 Harper Street,394-741-7505,droyceh6@google.co.jp,119,882,382
620,Marieann,Petrie,63189 Burning Wood Avenue,606-979-7161,mpetrieh7@globo.com,120,881,381
621,Giacopo,Cianelli,0 Marquette Street,104-571-4338,gcianellih8@gnu.org,121,880,380
622,Yard,Gianolini,39557 Forest Run Way,176-665-5113,ygianolinih9@naver.com,122,879,379
623,Constantin,Piggott,446 Esch Center,862-281-3751,cpiggottha@slideshare.net,123,878,378
624,Gian,Takle,6271 Fulton Road,948-540-9427,gtaklehb@blog.com,124,877,377
625,Dewain,Matveiko,4 Summit Park,532-405-5604,dmatveikohc@examiner.com,125,876,376
626,Asa,Heckney,94694 Talisman Point,590-252-5175,aheckneyhd@sbwire.com,126,875,375
627,Gloriane,Obispo,215 Sullivan Trail,390-592-5662,gobispohe@wordpress.org,127,874,374
628,Penelopa,Eldershaw,590 Manitowish Parkway,602-492-4423,peldershawhf@opera.com,128,873,373
629,Ula,Mansell,38525 Pennsylvania Junction,985-311-3564,umansellhg@aol.com,129,872,372
630,Patrica,Braxay,1929 Crownhardt Terrace,254-556-3402,pbraxayhh@ucla.edu,130,871,371
631,Sumner,Bridewell,449 Hayes Crossing,863-893-0161,sbridewellhi@t.co,131,870,370
632,Gan,Dewhurst,01 Nova Park,737-909-0449,gdewhursthj@hexun.com,132,869,369
633,Kay,Saltsberg,30 Esch Point,266-423-0967,ksaltsberghk@yellowbook.com,133,868,368
634,Tabbie,Hendren,39 Main Park,996-646-0871,thendrenhl@army.mil,134,867,367
635,Jesselyn,Gauld,16 Pepper Wood Street,186-649-0959,jgauldhm@scribd.com,135,866,366
636,Jaimie,Trinder,7816 Melrose Point,813-264-9792,jtrinderhn@zimbio.com,136,865,365
637,Edie,Samet,47 Becker Junction,811-550-5591,esametho@woothemes.com,137,864,364
638,Moria,Shurville,3316 Dottie Lane,464-330-0659,mshurvillehp@canalblog.com,138,863,363
639,Cairistiona,Makepeace,47415 Green Ridge Way,463-683-5308,cmakepeacehq@unicef.org,139,862,362
640,Aggie,Maun,72675 Elka Circle,294-801-0007,amaunhr@feedburner.com,140,861,361
641,Sibley,Hinken,06367 Novick Place,753-473-6767,shinkenhs@squidoo.com,141,860,360
642,Artur,Pendleton,59291 Fairfield Park,985-670-6089,apendletonht@buzzfeed.com,142,859,359
643,Esmaria,Caldeiro,9474 Ridgeview Circle,120-497-7206,ecaldeirohu@edublogs.org,143,858,358
644,Luciana,Quillinane,748 Park Meadow Crossing,969-204-4943,lquillinanehv@imageshack.us,144,857,357
645,Randy,Donne,34 Stephen Alley,228-888-7038,rdonnehw@gmpg.org,145,856,356
646,Esta,Fearfull,1 2nd Way,512-649-6879,efearfullhx@sphinn.com,146,855,355
647,Jourdain,Simioni,13 Homewood Hill,287-956-6187,jsimionihy@reverbnation.com,147,854,354
648,Jarib,Papes,43422 Sycamore Road,208-246-1844,jpapeshz@wsj.com,148,853,353
649,Nanete,Beaten,59 Knutson Point,883-312-9080,nbeateni0@facebook.com,149,852,352
650,Monika,Aizikovitz,13784 Ridgeview Circle,777-152-9565,maizikovitzi1@wordpress.com,150,851,351
651,Christen,Malkie,60222 Red Cloud Place,842-236-5047,cmalkiei2@gizmodo.com,151,850,350
652,Lief,Late,8239 Hanover Alley,388-879-4702,llatei3@gnu.org,152,849,349
653,Gareth,Aitchison,3607 Barby Circle,342-758-5316,gaitchisoni4@t-online.de,153,848,348
654,Yorker,Rivalland,8503 Eggendart Pass,939-871-1628,yrivallandi5@google.it,154,847,347
655,Carley,Fatharly,30681 Marcy Drive,971-258-4299,cfatharlyi6@icq.com,155,846,346
656,Raoul,Measures,384 Parkside Hill,682-427-5041,rmeasuresi7@soup.io,156,845,345
657,Quintin,Kwietak,32243 Packers Junction,370-415-0733,qkwietaki8@reverbnation.com,157,844,344
658,Sven,Capey,735 Superior Avenue,800-836-9819,scapeyi9@joomla.org,158,843,343
659,Kori,Franceschelli,083 Barnett Court,389-472-1552,kfranceschelliia@purevolume.com,159,842,342
660,Georgeta,McKeaveney,770 Muir Plaza,350-727-0310,gmckeaveneyib@epa.gov,160,841,341
661,Eben,Valentinuzzi,66488 John Wall Terrace,554-195-5126,evalentinuzziic@theguardian.com,161,840,340
662,Saxon,Gremane,596 Golf Course Lane,726-373-9115,sgremaneid@opensource.org,162,839,339
663,Yoshiko,Gon,46831 North Terrace,247-775-2707,ygonie@chicagotribune.com,163,838,338
664,Ellary,Brownlow,0 Algoma Terrace,152-705-8966,ebrownlowif@uiuc.edu,164,837,337
665,Tyler,Heditch,9893 Sachs Center,171-797-7629,theditchig@earthlink.net,165,836,336
666,Annemarie,Huyton,4340 Sunbrook Park,735-840-9014,ahuytonih@arstechnica.com,166,835,335
667,Nowell,Seacroft,27 Carberry Crossing,351-747-3039,nseacroftii@ocn.ne.jp,167,834,334
668,Riki,Lyffe,4152 Hallows Court,401-425-8119,rlyffeij@angelfire.com,168,833,333
669,Rona,Nast,34 Aberg Road,240-105-6961,rnastik@huffingtonpost.com,169,832,332
670,Hort,Athow,017 Anzinger Crossing,215-947-4593,hathowil@amazon.com,170,831,331
671,Buddy,Dykins,071 Orin Terrace,840-357-7225,bdykinsim@newyorker.com,171,830,330
672,Walt,Dach,61 Donald Street,643-682-0914,wdachin@cnn.com,172,829,329
673,Ashil,Kohnen,0 Rowland Alley,843-163-8615,akohnenio@themeforest.net,173,828,328
674,Cyrus,Whiskin,86072 Merry Plaza,423-384-2025,cwhiskinip@reddit.com,174,827,327
675,Cal,McConnachie,5 Briar Crest Place,535-774-0696,cmcconnachieiq@pinterest.com,175,826,326
676,Galvin,Barchrameev,67950 Lindbergh Place,615-468-6690,gbarchrameevir@bloglovin.com,176,825,325
677,Harcourt,Parnham,4578 Veith Place,151-623-9008,hparnhamis@sogou.com,177,824,324
678,Lyn,Pennetti,25398 Ronald Regan Lane,352-779-4289,lpennettiit@technorati.com,178,823,323
679,Selene,Penwell,19 Algoma Way,118-993-4038,spenwelliu@lulu.com,179,822,322
680,Lurline,Gentry,4175 Upham Avenue,651-346-5114,lgentryiv@netvibes.com,180,821,321
681,Bobbye,Garrard,00001 Hansons Lane,794-571-0920,bgarrardiw@clickbank.net,181,820,320
682,Gianina,Moulder,759 Gale Crossing,458-309-1879,gmoulderix@unesco.org,182,819,319
683,Mitzi,Jerzykiewicz,13 Vidon Way,615-685-7441,mjerzykiewicziy@gravatar.com,183,818,318
684,Deborah,Treharne,7 Dapin Court,901-653-9671,dtreharneiz@behance.net,184,817,317
685,Rea,Reek,50447 Maple Wood Lane,721-597-3775,rreekj0@nsw.gov.au,185,816,316
686,Phillie,Pinnegar,1540 Schmedeman Hill,492-307-1689,ppinnegarj1@4shared.com,186,815,315
687,Fancy,Dabney,8 Loeprich Terrace,268-698-0717,fdabneyj2@pen.io,187,814,314
688,Matias,Daughtrey,7 Fallview Hill,760-919-6315,mdaughtreyj3@cisco.com,188,813,313
689,Colene,Farbrother,21 Packers Park,214-804-1567,cfarbrotherj4@jigsy.com,189,812,312
690,Cortney,Celler,01710 Pawling Way,295-309-2203,ccellerj5@live.com,190,811,311
691,Griswold,Capinetti,13805 Cherokee Parkway,592-656-7714,gcapinettij6@usda.gov,191,810,310
692,Vaughn,Bolgar,302 6th Plaza,209-361-8977,vbolgarj7@hexun.com,192,809,309
693,Eda,Piwall,57 8th Street,435-295-1906,epiwallj8@accuweather.com,193,808,308
694,Ulrikaumeko,Siege,36 Meadow Valley Hill,625-414-5965,usiegej9@whitehouse.gov,194,807,307
695,Syd,Beeke,2067 Park Meadow Avenue,625-461-7194,sbeekeja@phpbb.com,195,806,306
696,Roxane,Gethings,665 Prairie Rose Court,448-454-6988,rgethingsjb@stumbleupon.com,196,805,305
697,Chadwick,Hortop,8 Manufacturers Terrace,556-459-1286,chortopjc@marriott.com,197,804,304
698,Joanna,Dorow,7 Debs Trail,967-670-5298,jdorowjd@ustream.tv,198,803,303
699,Malvin,Waterson,5 Hoffman Crossing,612-700-6882,mwatersonje@blogger.com,199,802,302
700,Gardiner,Spencer,0386 Hintze Terrace,188-725-2338,gspencerjf@yale.edu,200,801,301
701,Charline,Gurr,0 Thackeray Place,734-910-2155,cgurrjg@networkadvertising.org,201,800,300
702,Cyrill,Keaveny,42 Chinook Junction,266-412-7827,ckeavenyjh@tumblr.com,202,799,299
703,Mill,Woodbridge,01 Carpenter Pass,523-565-6079,mwoodbridgeji@accuweather.com,203,798,298
704,Esther,Battill,51 Lunder Circle,818-592-5412,ebattilljj@ed.gov,204,797,297
705,Petey,MacCaughan,3792 Tennessee Court,515-742-1997,pmaccaughanjk@indiegogo.com,205,796,296
706,Fulton,Salisbury,2 Sutherland Point,789-780-7251,fsalisburyjl@harvard.edu,206,795,295
707,Frankie,Mulheron,47 Dexter Center,550-397-8945,fmulheronjm@addtoany.com,207,794,294
708,Ingrim,Gilfether,3 Manufacturers Trail,501-823-0826,igilfetherjn@wix.com,208,793,293
709,Fidel,Moreland,22166 Dunning Center,103-390-3524,fmorelandjo@yale.edu,209,792,292
710,Mitchell,Otton,4 Acker Center,541-964-1471,mottonjp@hibu.com,210,791,291
711,Felic,McKelvey,1253 Corben Center,224-671-9109,fmckelveyjq@linkedin.com,211,790,290
712,Eddy,Braine,1 Randy Court,779-428-0247,ebrainejr@google.com,212,789,289
713,Darnell,Sigsworth,889 Lindbergh Plaza,542-557-3382,dsigsworthjs@delicious.com,213,788,288
714,Carroll,Mound,6700 Old Shore Crossing,738-800-1107,cmoundjt@icq.com,214,787,287
715,Tedda,Treleaven,388 Hansons Place,873-457-4486,ttreleavenju@cornell.edu,215,786,286
716,Everett,Middleditch,23770 Mendota Place,296-713-1999,emiddleditchjv@com.com,216,785,285
717,Chiarra,Gorvin,34421 Crest Line Road,787-948-9641,cgorvinjw@addtoany.com,217,784,284
718,Tore,Moakler,48672 Dennis Junction,464-807-1725,tmoaklerjx@sogou.com,218,783,283
719,Vyky,Sloan,5297 Continental Place,840-531-8710,vsloanjy@state.tx.us,219,782,282
720,Milty,O'Towey,831 Calypso Park,720-271-0898,motoweyjz@nature.com,220,781,281
721,Sande,Muncey,9 2nd Way,201-849-4214,smunceyk0@tripod.com,221,780,280
722,Hamel,Drysdale,71456 Knutson Center,785-748-8267,hdrysdalek1@weather.com,222,779,279
723,Eal,Readshaw,8100 Springview Park,199-336-9773,ereadshawk2@hud.gov,223,778,278
724,Enrico,Choake,78018 Declaration Avenue,612-245-7412,echoakek3@dailymotion.com,224,777,277
725,Caresse,Ferrarotti,75508 Lake View Street,462-227-8215,cferrarottik4@people.com.cn,225,776,276
726,Elvera,Camillo,7993 Towne Pass,410-689-7742,ecamillok5@netvibes.com,226,775,275
727,Odo,Manthorpe,436 Gateway Way,475-673-4523,omanthorpek6@webmd.com,227,774,274
728,Lamond,Northover,10758 Packers Park,858-450-4129,lnorthoverk7@tmall.com,228,773,273
729,Jaime,Lowmass,533 Heath Alley,554-603-8749,jlowmassk8@wikispaces.com,229,772,272
730,Walther,Forlonge,43334 Fair Oaks Junction,307-149-6919,wforlongek9@issuu.com,230,771,271
731,Rollin,Grima,30 Cardinal Junction,753-709-8418,rgrimaka@slideshare.net,231,770,270
732,Keriann,Zupa,60387 Spohn Road,803-570-3646,kzupakb@shop-pro.jp,232,769,269
733,Farlay,Goodram,1 Rowland Crossing,950-445-1737,fgoodramkc@pbs.org,233,768,268
734,Homere,Lambert-Ciorwyn,03082 Summerview Center,226-870-5989,hlambertciorwynkd@tmall.com,234,767,267
735,Maryjane,Droghan,66 Lunder Center,579-319-9265,mdroghanke@youtube.com,235,766,266
736,Blondelle,Vynehall,99978 Walton Lane,955-360-3019,bvynehallkf@phoca.cz,236,765,265
737,Rolfe,Leedal,30 Kings Court,422-406-0415,rleedalkg@utexas.edu,237,764,264
738,Bobine,Lachaize,2 Superior Pass,425-571-7689,blachaizekh@purevolume.com,238,763,263
739,Lenard,Kapelhoff,04587 Declaration Junction,677-467-2962,lkapelhoffki@yelp.com,239,762,262
740,Maureene,Toland,7286 Fisk Alley,766-978-5483,mtolandkj@sina.com.cn,240,761,261
741,Sonya,Blackwell,8688 Pepper Wood Way,836-891-3897,sblackwellkk@dedecms.com,241,760,260
742,Maude,Mirfield,690 Johnson Alley,371-394-8960,mmirfieldkl@weather.com,242,759,259
743,Anjela,Salvage,8062 Welch Lane,930-607-2294,asalvagekm@rediff.com,243,758,258
744,Sibbie,Highway,437 Buhler Alley,180-490-8334,shighwaykn@liveinternet.ru,244,757,257
745,Dean,Archbutt,1688 Clemons Plaza,593-445-2777,darchbuttko@devhub.com,245,756,256
746,Gratiana,Wix,82 Superior Hill,460-740-8272,gwixkp@usgs.gov,246,755,255
747,Tessie,Collyear,27848 Mariners Cove Trail,205-624-4257,tcollyearkq@scientificamerican.com,247,754,254
748,Kenyon,Shinefield,4583 Golf View Trail,384-810-2950,kshinefieldkr@phoca.cz,248,753,253
749,Marcia,Macartney,0 Talmadge Trail,731-670-0058,mmacartneyks@sohu.com,249,752,252
750,Lola,Bernaciak,4 Jana Lane,453-262-2810,lbernaciakkt@economist.com,250,751,251
751,Benita,Pringuer,36400 Browning Junction,693-920-4776,bpringuerku@apple.com,251,750,250
752,Chrisse,MacGilpatrick,83342 Waubesa Place,387-893-1521,cmacgilpatrickkv@multiply.com,252,749,249
753,Serene,Ridwood,76348 Erie Plaza,899-856-6050,sridwoodkw@boston.com,253,748,248
754,Othello,McCreagh,8887 Packers Drive,485-798-1462,omccreaghkx@pen.io,254,747,247
755,Collen,Boothebie,870 Mifflin Parkway,249-955-6135,cboothebieky@about.me,255,746,246
756,Marie,Pittson,816 Autumn Leaf Park,392-601-6518,mpittsonkz@nba.com,256,745,245
757,Quintilla,Zorn,272 Manley Pass,523-902-5091,qzornl0@omniture.com,257,744,244
758,Cordelie,Rayner,09964 Delaware Avenue,580-606-7416,craynerl1@a8.net,258,743,243
759,Anatole,Kinkade,36825 Laurel Lane,858-166-6049,akinkadel2@japanpost.jp,259,742,242
760,Ivette,Attenborrow,5825 Spohn Trail,857-688-9501,iattenborrowl3@google.it,260,741,241
761,Rorke,Forshaw,671 Bartillon Junction,161-580-1626,rforshawl4@weather.com,261,740,240
762,Sharron,Redit,55104 North Hill,466-166-6955,sreditl5@forbes.com,262,739,239
763,Evelina,Tissiman,2 Lawn Drive,702-159-6199,etissimanl6@about.me,263,738,238
764,Robinette,Keaysell,59463 Melody Drive,321-828-8407,rkeayselll7@ihg.com,264,737,237
765,Carolyn,Sapp,48208 Lake View Street,114-772-6573,csappl8@facebook.com,265,736,236
766,Stephi,Cuseick,3846 Hanson Alley,738-660-7043,scuseickl9@google.co.jp,266,735,235
767,Saleem,Heisler,65741 Oriole Center,350-420-3864,sheislerla@digg.com,267,734,234
768,Kathryne,Farington,414 Delladonna Trail,725-661-9157,kfaringtonlb@berkeley.edu,268,733,233
769,Hester,Rickardsson,2591 Porter Avenue,656-748-4250,hrickardssonlc@exblog.jp,269,732,232
770,Lizbeth,Blackader,97826 Erie Road,994-484-9291,lblackaderld@csmonitor.com,270,731,231
771,Vic,Twigley,611 Spaight Court,734-863-6575,vtwigleyle@smugmug.com,271,730,230
772,Yvor,Denacamp,2470 Schurz Plaza,209-936-8551,ydenacamplf@tripod.com,272,729,229
773,Dian,Kleinfeld,7 Di Loreto Crossing,310-825-7737,dkleinfeldlg@weebly.com,273,728,228
774,Cordy,Pieche,4 Lunder Crossing,449-344-8812,cpiechelh@npr.org,274,727,227
775,Keane,Eringey,2927 Fordem Point,778-768-7839,keringeyli@msu.edu,275,726,226
776,Daphene,Matterface,09721 Old Shore Parkway,987-131-4135,dmatterfacelj@cnbc.com,276,725,225
777,Cristal,Puller,3699 Milwaukee Avenue,866-264-7913,cpullerlk@sciencedaily.com,277,724,224
778,Cammy,Treven,0 Walton Alley,787-507-8044,ctrevenll@howstuffworks.com,278,723,223
779,Alane,Andrew,77 Blue Bill Park Trail,471-365-8274,aandrewlm@spiegel.de,279,722,222
780,Giovanna,Dews,64 Portage Park,390-294-0787,gdewsln@nytimes.com,280,721,221
781,Reg,Rottger,55 Norway Maple Road,510-938-4422,rrottgerlo@reddit.com,281,720,220
782,Edmon,Cool,9577 Cottonwood Court,538-864-6406,ecoollp@sitemeter.com,282,719,219
783,Berenice,Ansell,387 Cascade Junction,988-494-9650,banselllq@webmd.com,283,718,218
784,Aksel,Hegden,38686 Vidon Point,914-292-2034,ahegdenlr@cbc.ca,284,717,217
785,Demetra,Dioniso,66 Carpenter Circle,602-652-1395,ddionisols@walmart.com,285,716,216
786,Isobel,Kirke,8568 Bultman Plaza,480-926-3129,ikirkelt@cnet.com,286,715,215
787,Casar,Tarr,05363 Sage Pass,879-955-5924,ctarrlu@redcross.org,287,714,214
788,Tuckie,Lineker,857 Glendale Circle,883-344-7566,tlinekerlv@yandex.ru,288,713,213
789,Justis,Banville,0918 Graedel Road,698-877-9681,jbanvillelw@amazon.com,289,712,212
790,Elvera,Eaklee,7396 Sullivan Road,208-134-6443,eeakleelx@symantec.com,290,711,211
791,Aloysia,Easterfield,7 Lake View Point,615-796-3704,aeasterfieldly@surveymonkey.com,291,710,210
792,Fredelia,Twallin,91 School Terrace,131-778-1108,ftwallinlz@example.com,292,709,209
793,Ab,Castiglioni,255 Darwin Point,927-239-3496,acastiglionim0@cpanel.net,293,708,208
794,Angelique,Baish,4 Cherokee Trail,829-376-4537,abaishm1@craigslist.org,294,707,207
795,Hailey,Dilston,4 Basil Park,728-136-1567,hdilstonm2@cnn.com,295,706,206
796,Catina,Durrand,8405 Heath Junction,198-263-3548,cdurrandm3@sciencedaily.com,296,705,205
797,Nadeen,Brockington,4537 Fallview Point,875-113-5478,nbrockingtonm4@ezinearticles.com,297,704,204
798,Nanny,Semour,52201 Vidon Center,768-482-7524,nsemourm5@myspace.com,298,703,203
799,Mendy,Staples,779 3rd Terrace,300-705-6671,mstaplesm6@jalbum.net,299,702,202
800,Fonsie,Boom,2 Northfield Park,647-145-1443,fboomm7@about.me,300,701,201
801,Carolyn,Grzelak,2787 Birchwood Road,679-516-4266,cgrzelakm8@who.int,301,700,200
802,Mohammed,Kahler,390 Lawn Trail,761-500-6947,mkahlerm9@twitpic.com,302,699,199
803,Lothario,Conradsen,3 Bunting Junction,809-269-1468,lconradsenma@arstechnica.com,303,698,198
804,Kelsy,Foltin,8 Mcbride Drive,863-167-9663,kfoltinmb@spotify.com,304,697,197
805,Milena,Gensavage,425 Vahlen Way,609-264-4769,mgensavagemc@house.gov,305,696,196
806,Ed,Baly,515 Annamark Street,786-838-3726,ebalymd@clickbank.net,306,695,195
807,Dot,Chsteney,4835 Sage Avenue,530-549-5836,dchsteneyme@marketwatch.com,307,694,194
808,Henry,Bell,955 Golden Leaf Road,571-240-6949,hbellmf@phoca.cz,308,693,193
809,Cary,Niezen,2081 Oak Plaza,488-819-4550,cniezenmg@bloglines.com,309,692,192
810,Kristien,Careless,949 Alpine Crossing,622-996-2054,kcarelessmh@1und1.de,310,691,191
811,Kelbee,Renish,29 Loomis Circle,282-855-2115,krenishmi@slideshare.net,311,690,190
812,Brittney,Giral,7 Helena Avenue,517-654-0763,bgiralmj@woothemes.com,312,689,189
813,Andeee,Gravie,14901 Utah Terrace,596-751-6253,agraviemk@netvibes.com,313,688,188
814,Lurleen,Lampel,9760 Atwood Trail,910-837-2068,llampelml@bbc.co.uk,314,687,187
815,Doralynne,Higford,57 Shoshone Way,549-392-5139,dhigfordmm@ucoz.ru,315,686,186
816,Wendall,Lightbourn,8 Maryland Hill,486-458-5673,wlightbournmn@sfgate.com,316,685,185
817,Dorisa,de Merida,069 Emmet Terrace,603-982-1529,ddemeridamo@hhs.gov,317,684,184
818,Arden,Ibell,83499 Dapin Parkway,629-235-4538,aibellmp@microsoft.com,318,683,183
819,Venus,Richmond,5 Eagle Crest Crossing,969-732-0497,vrichmondmq@booking.com,319,682,182
820,Haven,Harkus,6354 Rutledge Crossing,432-417-5283,hharkusmr@dropbox.com,320,681,181
821,Julieta,Bidwell,54 Valley Edge Way,140-506-4382,jbidwellms@ucoz.ru,321,680,180
822,Conan,Crean,938 Schiller Parkway,394-284-0257,ccreanmt@wired.com,322,679,179
823,Fredrika,Zavattero,9 Blackbird Circle,866-903-2318,fzavatteromu@usatoday.com,323,678,178
824,Chanda,Cockshoot,37 Meadow Valley Circle,796-954-3295,ccockshootmv@upenn.edu,324,677,177
825,Charyl,Son,725 Vera Plaza,360-430-8367,csonmw@nationalgeographic.com,325,676,176
826,Kain,Swindin,05 Trailsway Place,343-251-1048,kswindinmx@indiegogo.com,326,675,175
827,Allyson,Durrans,01823 Bluejay Place,622-497-7240,adurransmy@wunderground.com,327,674,174
828,Noelle,Domnick,54 Warner Point,577-517-2739,ndomnickmz@nifty.com,328,673,173
829,Amble,Everson,9 Northridge Hill,413-982-1102,aeversonn0@pbs.org,329,672,172
830,Vernon,Cursons,914 Mariners Cove Plaza,226-787-2782,vcursonsn1@shutterfly.com,330,671,171
831,Gustave,Senten,3326 Hallows Circle,770-966-4512,gsentenn2@arizona.edu,331,670,170
832,Georg,Piper,46449 Waxwing Pass,463-806-5705,gpipern3@wp.com,332,669,169
833,Adrea,Danelut,3395 Grover Place,121-678-4732,adanelutn4@comcast.net,333,668,168
834,Pat,Gueste,229 Colorado Circle,554-700-8721,pguesten5@china.com.cn,334,667,167
835,Myrtice,Fraschini,26848 Anzinger Hill,177-193-4692,mfraschinin6@fda.gov,335,666,166
836,Rosabella,Woolager,363 Warbler Junction,573-431-0000,rwoolagern7@tinyurl.com,336,665,165
837,Darlleen,Fretwell,3 Bunker Hill Crossing,254-311-3294,dfretwelln8@qq.com,337,664,164
838,Carolann,Maryan,53158 Dahle Point,872-862-1530,cmaryann9@buzzfeed.com,338,663,163
839,Doro,Bollin,300 Hollow Ridge Terrace,250-285-2825,dbollinna@google.co.jp,339,662,162
840,Reinaldos,Johncey,4334 Towne Lane,106-123-6675,rjohnceynb@free.fr,340,661,161
841,Dorris,Gartland,807 Prairieview Court,297-195-8398,dgartlandnc@sphinn.com,341,660,160
842,Noble,Franz,66 Pond Drive,248-756-9500,nfranznd@quantcast.com,342,659,159
843,Maurene,Gilder,973 Surrey Parkway,363-269-2474,mgilderne@surveymonkey.com,343,658,158
844,Kevina,Chastaing,022 Lindbergh Street,333-419-1217,kchastaingnf@vimeo.com,344,657,157
845,Brendon,Naughton,8 Butternut Lane,382-900-6079,bnaughtonng@msu.edu,345,656,156
846,Anstice,McKinstry,6 Porter Drive,140-342-5791,amckinstrynh@tripadvisor.com,346,655,155
847,Joseph,Maneylaws,21678 Schmedeman Pass,504-886-9956,jmaneylawsni@washingtonpost.com,347,654,154
848,Glendon,Bradtke,9 Sunnyside Court,244-588-4111,gbradtkenj@gmpg.org,348,653,153
849,Friederike,Bahike,0 Lukken Circle,415-782-0372,fbahikenk@indiegogo.com,349,652,152
850,Svend,Giorgietto,330 Dorton Pass,406-599-3534,sgiorgiettonl@archive.org,350,651,151
851,Elena,Leakner,6 Harbort Point,702-278-6499,eleaknernm@state.tx.us,351,650,150
852,Raymund,Selbie,15 Paget Alley,547-155-1739,rselbienn@hhs.gov,352,649,149
853,Ernest,Syphus,19588 Carey Street,176-886-2786,esyphusno@dion.ne.jp,353,648,148
854,Rabbi,Guillain,3320 Anzinger Way,214-620-2941,rguillainnp@prnewswire.com,354,647,147
855,Carol-jean,Moscon,263 Nelson Junction,716-110-6943,cmosconnq@whitehouse.gov,355,646,146
856,Shane,Babe,233 Charing Cross Pass,864-501-6007,sbabenr@rambler.ru,356,645,145
857,Nert,Van Arsdale,58 Arapahoe Drive,495-417-3614,nvanarsdalens@howstuffworks.com,357,644,144
858,Sawyere,O'Toole,1 Carpenter Center,380-890-9864,sotoolent@quantcast.com,358,643,143
859,Ainsley,Fishpool,250 Basil Street,455-827-5176,afishpoolnu@buzzfeed.com,359,642,142
860,Ara,Order,37666 Melvin Point,376-650-4778,aordernv@timesonline.co.uk,360,641,141
861,Biron,Tapp,75 Armistice Place,260-775-6472,btappnw@free.fr,361,640,140
862,Jerry,Keyhoe,1142 Oriole Alley,641-170-4776,jkeyhoenx@purevolume.com,362,639,139
863,Kesley,Widdall,835 Farmco Point,146-144-8677,kwiddallny@flickr.com,363,638,138
864,Lenard,Dudderidge,71913 8th Parkway,432-841-5934,ldudderidgenz@stanford.edu,364,637,137
865,Candi,Force,0293 Ludington Center,131-332-3966,cforceo0@ted.com,365,636,136
866,Meridith,Stallworth,54020 Fair Oaks Parkway,488-324-8652,mstallwortho1@reference.com,366,635,135
867,Gilli,Linfield,45789 Orin Way,615-896-1369,glinfieldo2@mozilla.org,367,634,134
868,Agna,Megarry,47 Schlimgen Park,858-497-8374,amegarryo3@globo.com,368,633,133
869,West,Zmitruk,7 Evergreen Way,712-767-7958,wzmitruko4@instagram.com,369,632,132
870,Dewey,Ginnally,404 Namekagon Lane,561-670-9080,dginnallyo5@deliciousdays.com,370,631,131
871,Berny,Francesco,60 Texas Trail,878-190-4104,bfrancescoo6@booking.com,371,630,130
872,Lisetta,Pitway,9307 Holy Cross Circle,659-443-2229,lpitwayo7@google.nl,372,629,129
873,Adham,MacAllan,2677 Parkside Avenue,285-440-8346,amacallano8@aboutads.info,373,628,128
874,Lolita,Cancelier,61168 Jana Avenue,119-786-0699,lcanceliero9@123-reg.co.uk,374,627,127
875,Yancy,Husbands,51 Nobel Lane,522-684-5677,yhusbandsoa@usgs.gov,375,626,126
876,Max,Manssuer,9680 Dayton Way,103-311-6630,mmanssuerob@homestead.com,376,625,125
877,Renado,Boost,7950 Graceland Hill,739-511-0708,rboostoc@rediff.com,377,624,124
878,Selle,Georgot,4 Prairieview Circle,713-425-1946,sgeorgotod@example.com,378,623,123
879,Muriel,Neillans,5 Washington Court,208-381-1260,mneillansoe@instagram.com,379,622,122
880,Julian,Brumby,0431 Moulton Park,554-999-2238,jbrumbyof@feedburner.com,380,621,121
881,Willie,Jeans,8 Emmet Parkway,661-767-5265,wjeansog@europa.eu,381,620,120
882,Drusilla,Tarry,20 Nobel Pass,784-155-3109,dtarryoh@soundcloud.com,382,619,119
883,Neda,Stonhouse,2720 Debs Terrace,328-869-7027,nstonhouseoi@jimdo.com,383,618,118
884,Viole,Jakubovitch,2 Fuller Junction,178-963-9292,vjakubovitchoj@list-manage.com,384,617,117
885,Kori,Torr,405 Sommers Junction,583-827-7438,ktorrok@pen.io,385,616,116
886,Red,Glaister,6276 Doe Crossing Avenue,407-220-9305,rglaisterol@baidu.com,386,615,115
887,Maitilde,Zavattari,220 Menomonie Lane,995-126-6276,mzavattariom@arstechnica.com,387,614,114
888,Marabel,Facey,2 Morning Alley,475-672-0637,mfaceyon@yelp.com,388,613,113
889,Giulietta,Calliss,467 Marquette Alley,436-616-1087,gcallissoo@ning.com,389,612,112
890,Sena,Menico,69466 Mosinee Terrace,553-666-9993,smenicoop@canalblog.com,390,611,111
891,Mahmud,Roomes,80 Merry Plaza,136-644-5963,mroomesoq@engadget.com,391,610,110
892,Ervin,Caines,836 Vera Point,873-299-4434,ecainesor@engadget.com,392,609,109
893,Erv,Castilla,2 Judy Junction,841-624-2084,ecastillaos@psu.edu,393,608,108
894,Hannis,Pickles,6 Summit Court,696-527-6339,hpicklesot@sitemeter.com,394,607,107
895,Florina,Cleyburn,157 Lyons Street,822-342-2739,fcleyburnou@unblog.fr,395,606,106
896,Vanessa,Bareford,32 Green Drive,634-660-2936,vbarefordov@adobe.com,396,605,105
897,Georges,Sparey,78 Holmberg Way,981-881-4168,gspareyow@devhub.com,397,604,104
898,Pauli,Stanyard,2 Grasskamp Crossing,203-448-4458,pstanyardox@xinhuanet.com,398,603,103
899,Verge,Kebbell,167 Cordelia Alley,698-912-1085,vkebbelloy@businessinsider.com,399,602,102
900,Giraldo,Petruskevich,2 Jenna Plaza,520-940-5341,gpetruskevichoz@imdb.com,400,601,101
901,Jerrylee,McLachlan,09944 Bay Pass,836-370-9876,jmclachlanp0@wired.com,401,600,100
902,Tess,Darnbrough,041 Scott Crossing,632-400-2302,tdarnbroughp1@xrea.com,402,599,99
903,Allie,Woofinden,974 Stuart Road,969-581-6297,awoofindenp2@harvard.edu,403,598,98
904,Shirlee,Morch,4078 Warrior Alley,748-237-3307,smorchp3@alibaba.com,404,597,97
905,Sharron,Farlambe,26 Scoville Lane,238-398-4972,sfarlambep4@bloglovin.com,405,596,96
906,Esme,Ovise,853 Talmadge Center,362-313-5813,eovisep5@miitbeian.gov.cn,406,595,95
907,Harlen,Trevon,43057 Melody Place,303-666-2109,htrevonp6@goo.gl,407,594,94
908,Sterne,Ribey,9203 Prairieview Circle,394-117-9409,sribeyp7@fastcompany.com,408,593,93
909,Alexandros,Dinse,3 Esch Road,248-382-6034,adinsep8@phpbb.com,409,592,92
910,Allsun,Pohls,699 Dovetail Terrace,340-831-0155,apohlsp9@ebay.co.uk,410,591,91
911,Pacorro,Maxted,515 Bonner Park,268-933-9952,pmaxtedpa@go.com,411,590,90
912,Raffarty,Tomkins,037 Fairfield Drive,193-253-9913,rtomkinspb@google.co.jp,412,589,89
913,Corissa,Berney,627 Summer Ridge Avenue,659-684-3303,cberneypc@slideshare.net,413,588,88
914,Craggy,Josskovitz,2 Morrow Trail,171-437-5255,cjosskovitzpd@eepurl.com,414,587,87
915,Brandice,Teanby,2664 Arkansas Street,796-116-9648,bteanbype@hugedomains.com,415,586,86
916,Andeee,Prattington,6940 Dorton Hill,114-390-8324,aprattingtonpf@fastcompany.com,416,585,85
917,Claudina,Pancost,94 Westport Point,887-515-4881,cpancostpg@joomla.org,417,584,84
918,Barny,Coats,20 Ronald Regan Plaza,186-233-9083,bcoatsph@tripadvisor.com,418,583,83
919,Charmain,Tchaikovsky,27 Grasskamp Parkway,201-684-3124,ctchaikovskypi@answers.com,419,582,82
920,Delano,Lobb,9 Armistice Crossing,282-598-8310,dlobbpj@tripadvisor.com,420,581,81
921,Taber,Gingold,47 Golf Course Terrace,168-849-7098,tgingoldpk@taobao.com,421,580,80
922,Ilise,Jeannon,071 Di Loreto Place,849-397-8248,ijeannonpl@rediff.com,422,579,79
923,Brent,Pindell,813 Calypso Lane,165-143-2062,bpindellpm@paginegialle.it,423,578,78
924,Conan,Feltham,03 Pennsylvania Circle,836-646-1908,cfelthampn@nba.com,424,577,77
925,Ginevra,Fylan,3 Cottonwood Lane,256-169-1409,gfylanpo@mashable.com,425,576,76
926,Pip,Maus,8 Fordem Circle,182-167-8023,pmauspp@paypal.com,426,575,75
927,Felice,Jeayes,2 Burning Wood Plaza,359-324-1930,fjeayespq@independent.co.uk,427,574,74
928,Eddy,Seeks,9 Hoard Way,430-726-4164,eseekspr@over-blog.com,428,573,73
929,Toby,Lade,725 Goodland Point,152-499-9934,tladeps@answers.com,429,572,72
930,Wainwright,Beeby,44522 Moulton Terrace,356-468-1879,wbeebypt@blogtalkradio.com,430,571,71
931,Reggi,Fadden,6733 Miller Center,582-621-6633,rfaddenpu@blogger.com,431,570,70
932,Joellyn,Curnok,7304 Lyons Trail,753-749-3825,jcurnokpv@lycos.com,432,569,69
933,Dukey,Gostall,6839 5th Alley,448-721-4443,dgostallpw@statcounter.com,433,568,68
934,Modestia,Mollatt,81 Talmadge Alley,252-514-7298,mmollattpx@tuttocitta.it,434,567,67
935,Dayle,Rolf,862 Canary Junction,526-412-0725,drolfpy@shop-pro.jp,435,566,66
936,Waldon,Dy,79 Hoepker Road,453-631-2624,wdypz@dailymotion.com,436,565,65
937,Artemas,Cornils,9602 Reinke Point,207-424-8192,acornilsq0@comsenz.com,437,564,64
938,Tom,Jarnell,3834 New Castle Place,855-958-0738,tjarnellq1@mayoclinic.com,438,563,63
939,Marlane,Birtwhistle,99 Clove Drive,916-208-7037,mbirtwhistleq2@opensource.org,439,562,62
940,Norah,Trethewey,9 Prairie Rose Plaza,135-334-0304,ntretheweyq3@senate.gov,440,561,61
941,Madalyn,Crush,094 Canary Road,546-363-7825,mcrushq4@homestead.com,441,560,60
942,Ericha,Gristock,1 Green Ridge Point,849-931-1384,egristockq5@google.ru,442,559,59
943,Arabella,O' Gara,06446 Judy Lane,892-647-3455,aogaraq6@jalbum.net,443,558,58
944,Maxwell,Toulch,58 Anderson Parkway,748-332-0034,mtoulchq7@marriott.com,444,557,57
945,Milo,Bumby,05 Montana Parkway,497-908-8508,mbumbyq8@hp.com,445,556,56
946,Bryana,Patinkin,182 Summer Ridge Junction,417-549-5775,bpatinkinq9@netlog.com,446,555,55
947,Audy,Bilovsky,751 Starling Circle,372-275-2460,abilovskyqa@myspace.com,447,554,54
948,Perice,Zanussii,71760 Welch Crossing,700-348-4294,pzanussiiqb@google.nl,448,553,53
949,Hymie,Fawdry,4485 Marquette Terrace,253-565-5643,hfawdryqc@adobe.com,449,552,52
950,Pen,Jenicke,5 Morningstar Lane,139-582-2084,pjenickeqd@reddit.com,450,551,51
951,Anabal,O'Shee,8079 Erie Point,222-198-5095,aosheeqe@cbslocal.com,451,550,50
952,Holli,Cannell,26606 Little Fleur Hill,593-906-8831,hcannellqf@devhub.com,452,549,49
953,Brooke,Shaughnessy,8 Michigan Plaza,403-110-0697,bshaughnessyqg@economist.com,453,548,48
954,Jacobo,Wolfindale,02 Coolidge Terrace,433-877-3715,jwolfindaleqh@pen.io,454,547,47
955,Philis,Widmoor,535 Elmside Center,916-469-1769,pwidmoorqi@hud.gov,455,546,46
956,Fredia,Slemmonds,775 Chive Plaza,546-713-9883,fslemmondsqj@ft.com,456,545,45
957,Weston,Drewell,6 Comanche Junction,870-558-4626,wdrewellqk@pagesperso-orange.fr,457,544,44
958,Kitty,Gipp,378 Ridge Oak Center,481-116-6450,kgippql@mediafire.com,458,543,43
959,Mari,Pond-Jones,8573 Packers Terrace,420-238-1383,mpondjonesqm@ask.com,459,542,42
960,Sidoney,MacMaykin,607 Dapin Terrace,806-553-8323,smacmaykinqn@google.de,460,541,41
961,Felicle,Cunnington,38657 La Follette Junction,729-771-7513,fcunningtonqo@yale.edu,461,540,40
962,Alphonso,Wallwork,75 Golf Drive,820-798-0021,awallworkqp@salon.com,462,539,39
963,Corrie,Lopes,93572 Warbler Drive,843-710-9482,clopesqq@usa.gov,463,538,38
964,Andie,Whimp,6750 Kipling Plaza,682-843-1490,awhimpqr@webeden.co.uk,464,537,37
965,Delores,Mackerness,8 Cardinal Point,869-716-2907,dmackernessqs@blinklist.com,465,536,36
966,Vito,Wilce,95 Sherman Lane,638-232-2265,vwilceqt@rediff.com,466,535,35
967,Dru,Scannell,1731 Sachs Circle,354-316-9402,dscannellqu@fc2.com,467,534,34
968,Yancey,Pashba,23141 Corscot Circle,237-171-1849,ypashbaqv@hubpages.com,468,533,33
969,Mercie,Rove,93 Lien Circle,902-259-9835,mroveqw@clickbank.net,469,532,32
970,Rochester,Futty,7995 Jackson Lane,971-646-3899,rfuttyqx@icq.com,470,531,31
971,Joyann,Becken,096 Waxwing Alley,494-280-0645,jbeckenqy@sciencedaily.com,471,530,30
972,Valentine,McTurley,39734 Waywood Plaza,624-455-4882,vmcturleyqz@tiny.cc,472,529,29
973,Gayle,Zorzutti,0382 Melvin Drive,800-766-0021,gzorzuttir0@phoca.cz,473,528,28
974,Jeanine,Hamsher,853 Melvin Junction,432-864-0642,jhamsherr1@dion.ne.jp,474,527,27
975,Zeke,Rolstone,525 Tennyson Drive,408-596-5673,zrolstoner2@gov.uk,475,526,26
976,Gigi,Mariner,85 Roxbury Lane,839-670-2164,gmarinerr3@msn.com,476,525,25
977,Jethro,Burner,0 Kings Street,929-563-9880,jburnerr4@flavors.me,477,524,24
978,Shannon,Lindeberg,3647 Saint Paul Circle,676-704-4671,slindebergr5@squarespace.com,478,523,23
979,Granville,Garham,1302 Lakewood Gardens Crossing,544-365-9951,ggarhamr6@examiner.com,479,522,22
980,Hedwiga,Manilove,8909 Roxbury Crossing,305-344-5279,hmanilover7@elpais.com,480,521,21
981,Cleveland,Harradine,2833 Everett Alley,530-406-5741,charradiner8@t-online.de,481,520,20
982,Nevsa,McKitterick,85198 Manley Terrace,215-697-3580,nmckitterickr9@w3.org,482,519,19
983,Lane,Corradino,67 Mandrake Lane,314-284-3228,lcorradinora@ox.ac.uk,483,518,18
984,Levi,Kayes,4 Cherokee Pass,505-951-5336,lkayesrb@quantcast.com,484,517,17
985,Almeta,Watkin,94709 Continental Parkway,976-114-0464,awatkinrc@google.cn,485,516,16
986,Lucais,Gummary,3892 Old Gate Avenue,930-786-0287,lgummaryrd@163.com,486,515,15
987,Livvy,Prestwich,76307 David Drive,656-633-6899,lprestwichre@deviantart.com,487,514,14
988,Marjie,de Werk,8 Mitchell Junction,697-338-8011,mdewerkrf@newyorker.com,488,513,13
989,Jsandye,Oldfield,112 Grover Terrace,287-504-4895,joldfieldrg@boston.com,489,512,12
990,Nicolette,Wareham,861 Sugar Alley,266-964-8582,nwarehamrh@google.es,490,511,11
991,Arney,Skoggings,60 Oak Valley Trail,560-265-9383,askoggingsri@cargocollective.com,491,510,10
992,Daryl,Snasdell,0 Bultman Avenue,678-173-6538,dsnasdellrj@myspace.com,492,509,9
993,Kyle,McGairl,82 Tennyson Park,515-783-4658,kmcgairlrk@uol.com.br,493,508,8
994,Willie,Edess,6 Nova Hill,740-445-8123,wedessrl@de.vu,494,507,7
995,Helga,Delgardillo,1691 Ridgeway Pass,904-533-9678,hdelgardillorm@nytimes.com,495,506,6
996,Marje,Godspeede,234 Lighthouse Bay Parkway,606-517-4112,mgodspeedern@soup.io,496,505,5
997,Suzanna,Redihough,5107 Springview Junction,861-151-4575,sredihoughro@quantcast.com,497,504,4
998,Dulci,Dibdall,48 Charing Cross Hill,274-296-7374,ddibdallrp@oracle.com,498,503,3
999,Sabrina,Pickering,173 Continental Drive,520-828-8287,spickeringrq@exblog.jp,499,502,2
1000,Kalle,Perche,33 Bunting Drive,303-227-0825,kpercherr@shop-pro.jp,500,501,1
